split,idx,n_tokens,n_oov,oov_frac,new_type_rate,sem_dist
within,0,11,0,0.0,0.14144736842105263,0.6130203008651733
within,1,26,0,0.0,0.14144736842105263,0.8571304082870483
within,2,10,1,0.1,0.14144736842105263,0.5648806691169739
within,3,13,1,0.07692307692307693,0.14144736842105263,0.5860743522644043
within,4,27,1,0.037037037037037035,0.14144736842105263,0.7466139793395996
within,5,11,0,0.0,0.14144736842105263,0.8335236310958862
within,6,9,0,0.0,0.14144736842105263,0.6907831430435181
within,7,19,0,0.0,0.14144736842105263,0.6899349689483643
within,8,13,0,0.0,0.14144736842105263,0.6621421575546265
within,9,27,1,0.037037037037037035,0.14144736842105263,0.5162799954414368
within,10,30,2,0.06666666666666667,0.14144736842105263,0.6229206919670105
within,11,14,2,0.14285714285714285,0.14144736842105263,0.6888285279273987
within,12,5,0,0.0,0.14144736842105263,0.6941335201263428
within,13,13,0,0.0,0.14144736842105263,0.7045197486877441
within,14,11,0,0.0,0.14144736842105263,0.4591464400291443
within,15,20,0,0.0,0.14144736842105263,0.5806457996368408
within,16,9,0,0.0,0.14144736842105263,0.5989559888839722
within,17,12,0,0.0,0.14144736842105263,0.6614505648612976
within,18,12,0,0.0,0.14144736842105263,0.9234960675239563
within,19,18,0,0.0,0.14144736842105263,0.5585528612136841
within,20,24,0,0.0,0.14144736842105263,0.5373831987380981
within,21,8,0,0.0,0.14144736842105263,0.6929349899291992
within,22,12,1,0.08333333333333333,0.14144736842105263,0.530530571937561
within,23,14,0,0.0,0.14144736842105263,0.602530837059021
within,24,16,1,0.0625,0.14144736842105263,0.6958224773406982
within,25,7,0,0.0,0.14144736842105263,0.5333975553512573
within,26,12,0,0.0,0.14144736842105263,0.5046772360801697
within,27,11,2,0.18181818181818182,0.14144736842105263,0.7079169154167175
within,28,26,1,0.038461538461538464,0.14144736842105263,0.6818016171455383
within,29,18,0,0.0,0.14144736842105263,0.5868310332298279
within,30,17,0,0.0,0.14144736842105263,0.5511825084686279
within,31,14,0,0.0,0.14144736842105263,0.5792357921600342
within,32,11,0,0.0,0.14144736842105263,0.5264137983322144
within,33,14,2,0.14285714285714285,0.14144736842105263,0.9217061996459961
within,34,5,0,0.0,0.14144736842105263,0.6122313141822815
within,35,17,2,0.11764705882352941,0.14144736842105263,0.6588723659515381
within,36,8,1,0.125,0.14144736842105263,0.6608465909957886
within,37,13,1,0.07692307692307693,0.14144736842105263,0.5510016679763794
within,38,17,1,0.058823529411764705,0.14144736842105263,0.5974760055541992
within,39,9,1,0.1111111111111111,0.14144736842105263,0.700462818145752
within,40,6,0,0.0,0.14144736842105263,0.7386857867240906
within,41,13,0,0.0,0.14144736842105263,0.6035658717155457
within,42,14,0,0.0,0.14144736842105263,0.6167827844619751
within,43,21,0,0.0,0.14144736842105263,0.681930422782898
within,44,8,0,0.0,0.14144736842105263,0.6473013162612915
within,45,9,0,0.0,0.14144736842105263,0.7537422180175781
within,46,29,0,0.0,0.14144736842105263,0.782686710357666
within,47,20,0,0.0,0.14144736842105263,0.7781097292900085
within,48,12,0,0.0,0.14144736842105263,0.6687284708023071
within,49,19,0,0.0,0.14144736842105263,0.6803449392318726
within,50,18,1,0.05555555555555555,0.14144736842105263,0.6736947298049927
within,51,12,0,0.0,0.14144736842105263,0.717479944229126
within,52,8,0,0.0,0.14144736842105263,0.7142478227615356
within,53,17,1,0.058823529411764705,0.14144736842105263,0.5439057350158691
within,54,22,4,0.18181818181818182,0.14144736842105263,0.62510085105896
within,55,13,0,0.0,0.14144736842105263,0.6612066626548767
within,56,8,2,0.25,0.14144736842105263,0.7093391418457031
within,57,21,0,0.0,0.14144736842105263,0.47128599882125854
within,58,22,1,0.045454545454545456,0.14144736842105263,0.5347813963890076
within,59,17,0,0.0,0.14144736842105263,0.6262994408607483
within,60,22,0,0.0,0.14144736842105263,0.6236797571182251
within,61,21,1,0.047619047619047616,0.14144736842105263,0.6336513757705688
within,62,17,1,0.058823529411764705,0.14144736842105263,0.6812026500701904
within,63,4,0,0.0,0.14144736842105263,0.7236385345458984
within,64,12,0,0.0,0.14144736842105263,0.7116249799728394
within,65,14,0,0.0,0.14144736842105263,0.6487011909484863
within,66,14,0,0.0,0.14144736842105263,0.767482340335846
within,67,29,0,0.0,0.14144736842105263,0.6916537880897522
within,68,10,0,0.0,0.14144736842105263,0.6223030090332031
within,69,12,1,0.08333333333333333,0.14144736842105263,0.7450329065322876
within,70,12,0,0.0,0.14144736842105263,0.6440587043762207
within,71,27,0,0.0,0.14144736842105263,0.7086279392242432
within,72,8,0,0.0,0.14144736842105263,0.5756981372833252
within,73,18,2,0.1111111111111111,0.14144736842105263,0.9875894784927368
within,74,19,0,0.0,0.14144736842105263,0.5762068033218384
within,75,25,0,0.0,0.14144736842105263,0.7032310962677002
within,76,14,0,0.0,0.14144736842105263,0.8177252411842346
within,77,24,0,0.0,0.14144736842105263,0.5248123407363892
within,78,16,0,0.0,0.14144736842105263,0.5212863683700562
within,79,10,0,0.0,0.14144736842105263,0.54875648021698
within,80,26,1,0.038461538461538464,0.14144736842105263,0.6097626090049744
within,81,7,0,0.0,0.14144736842105263,0.6498282551765442
within,82,14,2,0.14285714285714285,0.14144736842105263,0.741482138633728
within,83,10,0,0.0,0.14144736842105263,0.4846641421318054
within,84,9,1,0.1111111111111111,0.14144736842105263,0.7007006406784058
within,85,20,1,0.05,0.14144736842105263,0.7315222024917603
within,86,5,0,0.0,0.14144736842105263,0.7731979489326477
within,87,22,2,0.09090909090909091,0.14144736842105263,0.7071873545646667
within,88,8,0,0.0,0.14144736842105263,0.706016480922699
within,89,17,0,0.0,0.14144736842105263,0.5314028859138489
within,90,14,1,0.07142857142857142,0.14144736842105263,0.7047179937362671
within,91,19,0,0.0,0.14144736842105263,0.532982587814331
within,92,14,1,0.07142857142857142,0.14144736842105263,0.5751854777336121
within,93,19,0,0.0,0.14144736842105263,0.611481249332428
within,94,9,1,0.1111111111111111,0.14144736842105263,0.7738888263702393
within,95,7,2,0.2857142857142857,0.14144736842105263,0.791972815990448
within,96,20,0,0.0,0.14144736842105263,0.6879002451896667
within,97,12,0,0.0,0.14144736842105263,0.6444662809371948
within,98,12,2,0.16666666666666666,0.14144736842105263,0.659334659576416
within,99,18,1,0.05555555555555555,0.14144736842105263,0.7541161775588989
within,100,13,1,0.07692307692307693,0.14144736842105263,0.6267123222351074
within,101,24,1,0.041666666666666664,0.14144736842105263,0.6871551871299744
within,102,19,0,0.0,0.14144736842105263,0.5724738836288452
within,103,26,2,0.07692307692307693,0.14144736842105263,0.769356369972229
within,104,19,2,0.10526315789473684,0.14144736842105263,0.6092607378959656
within,105,24,1,0.041666666666666664,0.14144736842105263,0.7356831431388855
within,106,12,0,0.0,0.14144736842105263,0.6469813585281372
within,107,28,0,0.0,0.14144736842105263,0.7827891707420349
within,108,19,3,0.15789473684210525,0.14144736842105263,0.6764345169067383
within,109,21,2,0.09523809523809523,0.14144736842105263,0.5859717130661011
within,110,20,0,0.0,0.14144736842105263,0.7463541030883789
within,111,19,0,0.0,0.14144736842105263,0.5626617074012756
within,112,14,1,0.07142857142857142,0.14144736842105263,0.6128497123718262
within,113,18,0,0.0,0.14144736842105263,0.7775468230247498
within,114,17,0,0.0,0.14144736842105263,0.6771798133850098
within,115,17,0,0.0,0.14144736842105263,0.5723256468772888
within,116,23,0,0.0,0.14144736842105263,0.4950653910636902
within,117,15,0,0.0,0.14144736842105263,0.5492483377456665
within,118,24,1,0.041666666666666664,0.14144736842105263,0.6692423820495605
within,119,5,0,0.0,0.14144736842105263,0.7340337634086609
within,120,7,0,0.0,0.14144736842105263,0.6946672201156616
within,121,22,0,0.0,0.14144736842105263,0.6571518182754517
within,122,14,0,0.0,0.14144736842105263,0.5352057218551636
within,123,4,0,0.0,0.14144736842105263,0.6566648483276367
within,124,20,0,0.0,0.14144736842105263,0.629546582698822
within,125,19,0,0.0,0.14144736842105263,0.6027936935424805
within,126,8,0,0.0,0.14144736842105263,0.6795037388801575
within,127,14,0,0.0,0.14144736842105263,0.641875147819519
within,128,27,0,0.0,0.14144736842105263,0.805991530418396
within,129,29,0,0.0,0.14144736842105263,0.5407545566558838
within,130,21,0,0.0,0.14144736842105263,0.5716490745544434
within,131,11,3,0.2727272727272727,0.14144736842105263,0.7095481157302856
within,132,5,0,0.0,0.14144736842105263,0.48894429206848145
within,133,16,0,0.0,0.14144736842105263,0.522041916847229
within,134,6,0,0.0,0.14144736842105263,0.5782492756843567
within,135,18,2,0.1111111111111111,0.14144736842105263,0.4606436491012573
within,136,4,0,0.0,0.14144736842105263,0.7236385345458984
within,137,9,1,0.1111111111111111,0.14144736842105263,0.5009070634841919
within,138,5,1,0.2,0.14144736842105263,0.7621425986289978
within,139,13,1,0.07692307692307693,0.14144736842105263,0.6575815677642822
within,140,21,0,0.0,0.14144736842105263,0.497558057308197
within,141,13,0,0.0,0.14144736842105263,0.5493470430374146
within,142,22,0,0.0,0.14144736842105263,0.7020391225814819
within,143,21,0,0.0,0.14144736842105263,0.6105279326438904
within,144,21,1,0.047619047619047616,0.14144736842105263,0.6587465405464172
within,145,7,0,0.0,0.14144736842105263,0.5673080682754517
within,146,10,0,0.0,0.14144736842105263,0.6923828125
within,147,11,0,0.0,0.14144736842105263,0.6589818596839905
within,148,11,0,0.0,0.14144736842105263,0.5189858675003052
within,149,16,1,0.0625,0.14144736842105263,0.6735689640045166
within,150,12,0,0.0,0.14144736842105263,0.5946733951568604
within,151,13,0,0.0,0.14144736842105263,0.7161993980407715
within,152,24,1,0.041666666666666664,0.14144736842105263,0.603018045425415
within,153,19,0,0.0,0.14144736842105263,0.5679620504379272
within,154,5,1,0.2,0.14144736842105263,0.6481425762176514
within,155,17,5,0.29411764705882354,0.14144736842105263,0.7299840450286865
within,156,26,2,0.07692307692307693,0.14144736842105263,0.6479602456092834
within,157,11,1,0.09090909090909091,0.14144736842105263,0.6058415174484253
within,158,8,0,0.0,0.14144736842105263,0.5808514952659607
within,159,10,0,0.0,0.14144736842105263,0.6975449919700623
within,160,19,1,0.05263157894736842,0.14144736842105263,0.5974330902099609
within,161,5,0,0.0,0.14144736842105263,0.6585689187049866
within,162,10,1,0.1,0.14144736842105263,0.5774941444396973
within,163,9,1,0.1111111111111111,0.14144736842105263,0.7217909097671509
within,164,14,1,0.07142857142857142,0.14144736842105263,0.7667895555496216
within,165,8,0,0.0,0.14144736842105263,0.6993941068649292
within,166,29,0,0.0,0.14144736842105263,0.7633323073387146
within,167,12,3,0.25,0.14144736842105263,0.5345159769058228
within,168,6,0,0.0,0.14144736842105263,0.6097689867019653
within,169,20,2,0.1,0.14144736842105263,0.5483437776565552
within,170,16,1,0.0625,0.14144736842105263,0.7194977402687073
within,171,28,1,0.03571428571428571,0.14144736842105263,0.48556363582611084
within,172,6,0,0.0,0.14144736842105263,0.6559755206108093
within,173,17,1,0.058823529411764705,0.14144736842105263,0.5695556402206421
within,174,6,1,0.16666666666666666,0.14144736842105263,0.5747801661491394
within,175,13,0,0.0,0.14144736842105263,0.6522299647331238
within,176,11,0,0.0,0.14144736842105263,0.4907143712043762
within,177,15,0,0.0,0.14144736842105263,0.6754432916641235
within,178,13,2,0.15384615384615385,0.14144736842105263,0.717934250831604
within,179,26,3,0.11538461538461539,0.14144736842105263,0.5571954846382141
within,180,9,0,0.0,0.14144736842105263,0.5594192743301392
within,181,12,0,0.0,0.14144736842105263,0.6207343339920044
within,182,29,1,0.034482758620689655,0.14144736842105263,0.5494613647460938
within,183,7,0,0.0,0.14144736842105263,0.5945702791213989
within,184,15,1,0.06666666666666667,0.14144736842105263,0.7818829417228699
within,185,16,0,0.0,0.14144736842105263,0.5768829584121704
within,186,25,2,0.08,0.14144736842105263,0.7453302145004272
within,187,15,3,0.2,0.14144736842105263,0.6320521831512451
within,188,5,0,0.0,0.14144736842105263,0.7341814041137695
within,189,21,0,0.0,0.14144736842105263,0.7741951942443848
within,190,17,1,0.058823529411764705,0.14144736842105263,0.5353478193283081
within,191,22,3,0.13636363636363635,0.14144736842105263,0.691825270652771
within,192,6,1,0.16666666666666666,0.14144736842105263,0.6628071069717407
within,193,10,0,0.0,0.14144736842105263,0.8099547624588013
within,194,17,0,0.0,0.14144736842105263,0.5982679128646851
within,195,8,0,0.0,0.14144736842105263,0.5878105759620667
within,196,29,0,0.0,0.14144736842105263,0.7289268374443054
within,197,27,3,0.1111111111111111,0.14144736842105263,0.6292750835418701
within,198,27,0,0.0,0.14144736842105263,0.8805803060531616
within,199,11,0,0.0,0.14144736842105263,0.5986714959144592
within,200,20,1,0.05,0.14144736842105263,0.5947762727737427
within,201,17,1,0.058823529411764705,0.14144736842105263,0.7363144755363464
within,202,30,1,0.03333333333333333,0.14144736842105263,0.595604419708252
within,203,20,0,0.0,0.14144736842105263,0.6760597229003906
within,204,20,1,0.05,0.14144736842105263,0.5492756366729736
within,205,22,0,0.0,0.14144736842105263,0.6330872774124146
within,206,24,1,0.041666666666666664,0.14144736842105263,0.6823689341545105
within,207,18,1,0.05555555555555555,0.14144736842105263,0.519605815410614
within,208,12,4,0.3333333333333333,0.14144736842105263,0.7471551895141602
within,209,13,0,0.0,0.14144736842105263,0.6274764537811279
within,210,30,0,0.0,0.14144736842105263,0.6991569995880127
within,211,5,0,0.0,0.14144736842105263,0.6287643909454346
within,212,23,1,0.043478260869565216,0.14144736842105263,0.6377187967300415
within,213,5,0,0.0,0.14144736842105263,0.6219784021377563
within,214,13,0,0.0,0.14144736842105263,0.6216732859611511
within,215,9,0,0.0,0.14144736842105263,0.5955719947814941
within,216,16,1,0.0625,0.14144736842105263,0.6823450922966003
within,217,13,1,0.07692307692307693,0.14144736842105263,0.6557621955871582
within,218,19,0,0.0,0.14144736842105263,0.6286852359771729
within,219,10,0,0.0,0.14144736842105263,0.8530104160308838
within,220,28,1,0.03571428571428571,0.14144736842105263,0.698173463344574
within,221,18,0,0.0,0.14144736842105263,0.6533579230308533
within,222,19,0,0.0,0.14144736842105263,0.6187599897384644
within,223,25,0,0.0,0.14144736842105263,0.5890277624130249
within,224,12,0,0.0,0.14144736842105263,0.5227001309394836
within,225,23,0,0.0,0.14144736842105263,0.4947342872619629
within,226,21,1,0.047619047619047616,0.14144736842105263,0.7953828573226929
within,227,20,0,0.0,0.14144736842105263,0.6416192054748535
within,228,5,0,0.0,0.14144736842105263,0.6850776672363281
within,229,8,0,0.0,0.14144736842105263,0.6831749677658081
within,230,17,0,0.0,0.14144736842105263,0.6227965354919434
within,231,13,1,0.07692307692307693,0.14144736842105263,0.7688493728637695
within,232,22,1,0.045454545454545456,0.14144736842105263,0.5499091744422913
within,233,22,0,0.0,0.14144736842105263,0.6943341493606567
within,234,17,0,0.0,0.14144736842105263,0.9174363017082214
within,235,5,1,0.2,0.14144736842105263,0.6887539625167847
within,236,26,2,0.07692307692307693,0.14144736842105263,0.47150129079818726
within,237,21,0,0.0,0.14144736842105263,0.6570509672164917
within,238,7,0,0.0,0.14144736842105263,0.6039089560508728
within,239,12,0,0.0,0.14144736842105263,0.6015161275863647
within,240,12,0,0.0,0.14144736842105263,0.8139023780822754
within,241,6,0,0.0,0.14144736842105263,0.6803189516067505
within,242,25,0,0.0,0.14144736842105263,0.5682170391082764
within,243,17,0,0.0,0.14144736842105263,0.6836650371551514
within,244,16,0,0.0,0.14144736842105263,0.823419988155365
within,245,6,0,0.0,0.14144736842105263,0.5451314449310303
within,246,18,1,0.05555555555555555,0.14144736842105263,0.6963866949081421
within,247,18,0,0.0,0.14144736842105263,0.6769973039627075
within,248,30,0,0.0,0.14144736842105263,0.6483834385871887
within,249,24,0,0.0,0.14144736842105263,0.6361391544342041
within,250,6,1,0.16666666666666666,0.14144736842105263,0.6620128750801086
within,251,5,1,0.2,0.14144736842105263,0.8003931045532227
within,252,5,0,0.0,0.14144736842105263,0.7783322334289551
within,253,8,1,0.125,0.14144736842105263,0.7675724625587463
within,254,21,0,0.0,0.14144736842105263,0.6196141839027405
within,255,21,1,0.047619047619047616,0.14144736842105263,0.6620960235595703
within,256,5,0,0.0,0.14144736842105263,0.6528554558753967
within,257,17,1,0.058823529411764705,0.14144736842105263,0.7278695106506348
within,258,5,0,0.0,0.14144736842105263,0.895649254322052
within,259,19,0,0.0,0.14144736842105263,0.6162116527557373
within,260,9,0,0.0,0.14144736842105263,0.6500798463821411
within,261,12,1,0.08333333333333333,0.14144736842105263,0.5880338549613953
within,262,24,0,0.0,0.14144736842105263,0.5144534707069397
within,263,25,0,0.0,0.14144736842105263,0.7509927749633789
within,264,10,0,0.0,0.14144736842105263,0.5082818269729614
within,265,23,1,0.043478260869565216,0.14144736842105263,0.675807535648346
within,266,14,1,0.07142857142857142,0.14144736842105263,0.670529842376709
within,267,5,0,0.0,0.14144736842105263,0.8225558996200562
within,268,9,0,0.0,0.14144736842105263,0.6995908617973328
within,269,18,1,0.05555555555555555,0.14144736842105263,0.5557118058204651
within,270,24,0,0.0,0.14144736842105263,0.582349419593811
within,271,20,0,0.0,0.14144736842105263,0.7295994758605957
within,272,5,0,0.0,0.14144736842105263,0.722445547580719
within,273,11,0,0.0,0.14144736842105263,0.6617152690887451
within,274,15,4,0.26666666666666666,0.14144736842105263,0.6069306135177612
within,275,11,1,0.09090909090909091,0.14144736842105263,0.6676075458526611
within,276,8,0,0.0,0.14144736842105263,0.8364731669425964
within,277,9,0,0.0,0.14144736842105263,0.764136552810669
within,278,23,0,0.0,0.14144736842105263,0.5819240212440491
within,279,9,0,0.0,0.14144736842105263,0.4678850769996643
within,280,11,0,0.0,0.14144736842105263,0.5920762419700623
within,281,30,2,0.06666666666666667,0.14144736842105263,0.6582589149475098
within,282,24,0,0.0,0.14144736842105263,0.9107040762901306
within,283,4,0,0.0,0.14144736842105263,0.5461426973342896
within,284,6,0,0.0,0.14144736842105263,0.7369486093521118
within,285,17,1,0.058823529411764705,0.14144736842105263,0.5599448680877686
within,286,7,1,0.14285714285714285,0.14144736842105263,0.657067060470581
within,287,10,0,0.0,0.14144736842105263,0.5916256308555603
within,288,23,0,0.0,0.14144736842105263,0.5560985803604126
within,289,22,0,0.0,0.14144736842105263,0.6564964056015015
within,290,27,1,0.037037037037037035,0.14144736842105263,0.660675585269928
within,291,11,1,0.09090909090909091,0.14144736842105263,0.6946226358413696
within,292,10,0,0.0,0.14144736842105263,0.7156784534454346
within,293,24,0,0.0,0.14144736842105263,0.6710821390151978
within,294,18,1,0.05555555555555555,0.14144736842105263,0.4688015580177307
within,295,21,0,0.0,0.14144736842105263,0.6693701148033142
within,296,6,0,0.0,0.14144736842105263,0.5282758474349976
within,297,7,0,0.0,0.14144736842105263,0.5618433952331543
within,298,9,1,0.1111111111111111,0.14144736842105263,0.5499117970466614
within,299,20,0,0.0,0.14144736842105263,0.637606143951416
within,300,14,0,0.0,0.14144736842105263,0.6303471326828003
within,301,17,0,0.0,0.14144736842105263,0.771017849445343
within,302,6,0,0.0,0.14144736842105263,0.5745811462402344
within,303,10,0,0.0,0.14144736842105263,0.6821331977844238
within,304,10,0,0.0,0.14144736842105263,0.5525821447372437
within,305,18,0,0.0,0.14144736842105263,0.48651671409606934
within,306,13,0,0.0,0.14144736842105263,0.7755299806594849
within,307,14,0,0.0,0.14144736842105263,0.6747912168502808
within,308,6,0,0.0,0.14144736842105263,0.6934967637062073
within,309,8,0,0.0,0.14144736842105263,0.5818519592285156
within,310,21,0,0.0,0.14144736842105263,0.5756858587265015
within,311,13,0,0.0,0.14144736842105263,0.6265431642532349
within,312,18,0,0.0,0.14144736842105263,0.684873104095459
within,313,11,0,0.0,0.14144736842105263,0.6519755721092224
within,314,15,1,0.06666666666666667,0.14144736842105263,0.5871620774269104
within,315,18,2,0.1111111111111111,0.14144736842105263,0.8113142251968384
within,316,17,0,0.0,0.14144736842105263,0.8067717552185059
within,317,13,0,0.0,0.14144736842105263,0.5562666654586792
within,318,19,1,0.05263157894736842,0.14144736842105263,0.5391119122505188
within,319,12,0,0.0,0.14144736842105263,0.6655309796333313
within,320,25,0,0.0,0.14144736842105263,0.5085874795913696
within,321,28,1,0.03571428571428571,0.14144736842105263,0.8289231061935425
within,322,10,1,0.1,0.14144736842105263,0.7973959445953369
within,323,22,1,0.045454545454545456,0.14144736842105263,0.6080477237701416
within,324,16,0,0.0,0.14144736842105263,0.7270610332489014
within,325,24,4,0.16666666666666666,0.14144736842105263,0.8748148679733276
within,326,13,0,0.0,0.14144736842105263,0.5992411375045776
within,327,13,0,0.0,0.14144736842105263,0.6956428289413452
within,328,9,0,0.0,0.14144736842105263,0.6140788793563843
within,329,9,1,0.1111111111111111,0.14144736842105263,0.7760903835296631
within,330,11,1,0.09090909090909091,0.14144736842105263,0.4854862093925476
within,331,16,2,0.125,0.14144736842105263,0.942931592464447
within,332,17,1,0.058823529411764705,0.14144736842105263,0.6008154153823853
within,333,21,0,0.0,0.14144736842105263,0.79286789894104
within,334,5,0,0.0,0.14144736842105263,0.7739230394363403
within,335,16,0,0.0,0.14144736842105263,0.654465913772583
within,336,15,1,0.06666666666666667,0.14144736842105263,0.6571652889251709
within,337,8,0,0.0,0.14144736842105263,0.6653712391853333
within,338,6,0,0.0,0.14144736842105263,0.6027759313583374
within,339,6,0,0.0,0.14144736842105263,0.6905968189239502
within,340,18,2,0.1111111111111111,0.14144736842105263,0.7003644704818726
within,341,24,0,0.0,0.14144736842105263,0.6834282875061035
within,342,18,0,0.0,0.14144736842105263,0.6543582677841187
within,343,6,1,0.16666666666666666,0.14144736842105263,0.8179794549942017
within,344,13,1,0.07692307692307693,0.14144736842105263,0.642129123210907
within,345,15,0,0.0,0.14144736842105263,0.5517296195030212
within,346,5,1,0.2,0.14144736842105263,0.7133859395980835
within,347,10,0,0.0,0.14144736842105263,0.6712167263031006
within,348,12,2,0.16666666666666666,0.14144736842105263,0.737616777420044
within,349,7,0,0.0,0.14144736842105263,0.661869466304779
within,350,25,0,0.0,0.14144736842105263,0.5178479552268982
within,351,8,0,0.0,0.14144736842105263,0.5888253450393677
within,352,17,0,0.0,0.14144736842105263,0.7659732699394226
within,353,21,0,0.0,0.14144736842105263,0.7169544696807861
within,354,11,0,0.0,0.14144736842105263,0.653043270111084
within,355,19,0,0.0,0.14144736842105263,0.5317891240119934
within,356,16,0,0.0,0.14144736842105263,0.6458042860031128
within,357,20,1,0.05,0.14144736842105263,0.651523232460022
within,358,17,0,0.0,0.14144736842105263,0.5430681705474854
within,359,3,0,0.0,0.14144736842105263,0.6726489067077637
within,360,5,0,0.0,0.14144736842105263,0.7662234306335449
within,361,26,1,0.038461538461538464,0.14144736842105263,0.5139287114143372
within,362,21,0,0.0,0.14144736842105263,0.5628376007080078
within,363,13,1,0.07692307692307693,0.14144736842105263,0.6226626634597778
within,364,17,1,0.058823529411764705,0.14144736842105263,0.6045643091201782
within,365,15,0,0.0,0.14144736842105263,0.7661952972412109
within,366,20,1,0.05,0.14144736842105263,0.5782071948051453
within,367,25,2,0.08,0.14144736842105263,0.9564452767372131
within,368,30,0,0.0,0.14144736842105263,0.6906815767288208
within,369,23,3,0.13043478260869565,0.14144736842105263,0.6646523475646973
within,370,27,0,0.0,0.14144736842105263,0.6498610377311707
within,371,16,1,0.0625,0.14144736842105263,0.5603204369544983
within,372,23,4,0.17391304347826086,0.14144736842105263,0.7263978719711304
within,373,20,2,0.1,0.14144736842105263,0.7368690967559814
within,374,25,2,0.08,0.14144736842105263,0.6788116693496704
within,375,17,0,0.0,0.14144736842105263,0.7781293392181396
within,376,7,0,0.0,0.14144736842105263,0.6524348258972168
within,377,4,1,0.25,0.14144736842105263,0.7074903249740601
within,378,17,0,0.0,0.14144736842105263,0.6804636120796204
within,379,16,1,0.0625,0.14144736842105263,0.6800910830497742
within,380,13,0,0.0,0.14144736842105263,0.5952246785163879
within,381,17,0,0.0,0.14144736842105263,0.7757336497306824
within,382,29,1,0.034482758620689655,0.14144736842105263,0.7531806230545044
within,383,12,0,0.0,0.14144736842105263,0.7285880446434021
within,384,10,0,0.0,0.14144736842105263,0.5525928735733032
within,385,25,0,0.0,0.14144736842105263,0.5924866199493408
within,386,10,0,0.0,0.14144736842105263,0.560541033744812
within,387,15,0,0.0,0.14144736842105263,0.6251667141914368
within,388,16,1,0.0625,0.14144736842105263,0.6073492765426636
within,389,22,0,0.0,0.14144736842105263,0.8675462007522583
within,390,14,1,0.07142857142857142,0.14144736842105263,0.6892138719558716
within,391,17,2,0.11764705882352941,0.14144736842105263,0.6205147504806519
within,392,12,0,0.0,0.14144736842105263,0.6071721911430359
within,393,21,1,0.047619047619047616,0.14144736842105263,0.5469886660575867
within,394,7,0,0.0,0.14144736842105263,0.49298638105392456
within,395,20,0,0.0,0.14144736842105263,0.5946686267852783
within,396,12,1,0.08333333333333333,0.14144736842105263,0.7795796990394592
within,397,20,2,0.1,0.14144736842105263,0.698326826095581
within,398,13,0,0.0,0.14144736842105263,0.6449944972991943
within,399,13,0,0.0,0.14144736842105263,0.5543943643569946
within,400,11,1,0.09090909090909091,0.14144736842105263,0.6594457626342773
within,401,23,2,0.08695652173913043,0.14144736842105263,0.5303376913070679
within,402,19,1,0.05263157894736842,0.14144736842105263,0.7970190048217773
within,403,8,0,0.0,0.14144736842105263,0.5128918886184692
within,404,8,0,0.0,0.14144736842105263,0.6271002292633057
within,405,13,1,0.07692307692307693,0.14144736842105263,0.630844235420227
within,406,18,1,0.05555555555555555,0.14144736842105263,0.6948865056037903
within,407,8,0,0.0,0.14144736842105263,0.6837337017059326
within,408,11,0,0.0,0.14144736842105263,0.6342414617538452
within,409,5,0,0.0,0.14144736842105263,0.5873916745185852
within,410,7,0,0.0,0.14144736842105263,0.629130482673645
within,411,16,0,0.0,0.14144736842105263,0.7969186902046204
within,412,21,0,0.0,0.14144736842105263,0.6900408267974854
within,413,18,0,0.0,0.14144736842105263,0.4992017149925232
within,414,6,0,0.0,0.14144736842105263,0.570931613445282
within,415,16,0,0.0,0.14144736842105263,0.7098265886306763
within,416,19,0,0.0,0.14144736842105263,0.5450800657272339
within,417,17,1,0.058823529411764705,0.14144736842105263,0.5791507959365845
within,418,19,3,0.15789473684210525,0.14144736842105263,0.6124898195266724
within,419,18,0,0.0,0.14144736842105263,0.6224762201309204
within,420,21,2,0.09523809523809523,0.14144736842105263,0.5542733669281006
within,421,13,0,0.0,0.14144736842105263,0.5764898657798767
within,422,15,0,0.0,0.14144736842105263,0.6137183904647827
within,423,18,1,0.05555555555555555,0.14144736842105263,0.5076425671577454
within,424,24,1,0.041666666666666664,0.14144736842105263,0.6232454776763916
within,425,10,0,0.0,0.14144736842105263,0.5867769122123718
within,426,19,1,0.05263157894736842,0.14144736842105263,0.6336039304733276
within,427,16,1,0.0625,0.14144736842105263,0.7035366892814636
within,428,12,0,0.0,0.14144736842105263,0.84531170129776
within,429,21,1,0.047619047619047616,0.14144736842105263,0.48281097412109375
within,430,21,1,0.047619047619047616,0.14144736842105263,0.6888500452041626
within,431,13,1,0.07692307692307693,0.14144736842105263,0.5748814940452576
within,432,11,0,0.0,0.14144736842105263,0.6529353857040405
within,433,23,1,0.043478260869565216,0.14144736842105263,0.6339819431304932
within,434,28,0,0.0,0.14144736842105263,0.6139811277389526
within,435,25,1,0.04,0.14144736842105263,0.7712008953094482
within,436,8,0,0.0,0.14144736842105263,0.5431127548217773
within,437,14,0,0.0,0.14144736842105263,0.8960022330284119
within,438,7,0,0.0,0.14144736842105263,0.6258845329284668
within,439,6,0,0.0,0.14144736842105263,0.7272871136665344
within,440,18,0,0.0,0.14144736842105263,0.7006619572639465
within,441,15,1,0.06666666666666667,0.14144736842105263,0.5608233213424683
within,442,19,2,0.10526315789473684,0.14144736842105263,0.6054620742797852
within,443,11,0,0.0,0.14144736842105263,0.5715081691741943
within,444,10,2,0.2,0.14144736842105263,0.7689981460571289
within,445,16,1,0.0625,0.14144736842105263,0.5431516170501709
within,446,18,1,0.05555555555555555,0.14144736842105263,0.6207916140556335
within,447,6,0,0.0,0.14144736842105263,0.6791422367095947
within,448,23,1,0.043478260869565216,0.14144736842105263,0.6943921446800232
within,449,25,1,0.04,0.14144736842105263,0.7700274586677551
within,450,8,0,0.0,0.14144736842105263,0.7705293297767639
within,451,19,0,0.0,0.14144736842105263,0.6690558791160583
within,452,31,1,0.03225806451612903,0.14144736842105263,0.5394901633262634
within,453,12,0,0.0,0.14144736842105263,0.5746124982833862
within,454,16,0,0.0,0.14144736842105263,0.6766887307167053
within,455,10,1,0.1,0.14144736842105263,0.7246618270874023
within,456,24,2,0.08333333333333333,0.14144736842105263,0.6762392520904541
within,457,13,0,0.0,0.14144736842105263,0.6399803161621094
within,458,25,0,0.0,0.14144736842105263,0.6600468158721924
within,459,21,0,0.0,0.14144736842105263,0.7190456986427307
within,460,5,1,0.2,0.14144736842105263,0.8602244257926941
within,461,11,0,0.0,0.14144736842105263,0.7496780753135681
within,462,14,0,0.0,0.14144736842105263,0.7570538520812988
within,463,23,1,0.043478260869565216,0.14144736842105263,0.5078392028808594
within,464,13,0,0.0,0.14144736842105263,0.7940887212753296
within,465,15,1,0.06666666666666667,0.14144736842105263,0.8145351409912109
within,466,16,0,0.0,0.14144736842105263,0.6107932925224304
within,467,28,0,0.0,0.14144736842105263,0.5645597577095032
within,468,27,1,0.037037037037037035,0.14144736842105263,0.8312935829162598
within,469,16,0,0.0,0.14144736842105263,0.6336939334869385
within,470,14,0,0.0,0.14144736842105263,0.7151358127593994
within,471,13,0,0.0,0.14144736842105263,0.6159635782241821
within,472,15,1,0.06666666666666667,0.14144736842105263,0.7213364839553833
within,473,7,2,0.2857142857142857,0.14144736842105263,0.7707734704017639
within,474,17,0,0.0,0.14144736842105263,0.7506517171859741
within,475,14,0,0.0,0.14144736842105263,0.7475281953811646
within,476,24,0,0.0,0.14144736842105263,0.5907096862792969
within,477,19,1,0.05263157894736842,0.14144736842105263,0.7824220657348633
within,478,29,0,0.0,0.14144736842105263,0.7677620053291321
within,479,11,0,0.0,0.14144736842105263,0.6283029317855835
within,480,11,0,0.0,0.14144736842105263,0.8830060362815857
within,481,18,2,0.1111111111111111,0.14144736842105263,0.6605861186981201
within,482,15,1,0.06666666666666667,0.14144736842105263,0.5184249877929688
within,483,13,0,0.0,0.14144736842105263,0.5642459392547607
within,484,10,0,0.0,0.14144736842105263,0.532609224319458
within,485,9,0,0.0,0.14144736842105263,0.774513840675354
within,486,19,0,0.0,0.14144736842105263,0.6030488610267639
within,487,17,1,0.058823529411764705,0.14144736842105263,0.683036208152771
within,488,7,0,0.0,0.14144736842105263,0.6928173899650574
within,489,12,0,0.0,0.14144736842105263,0.5129820108413696
within,490,18,1,0.05555555555555555,0.14144736842105263,0.6830428838729858
within,491,10,0,0.0,0.14144736842105263,0.7128176689147949
within,492,22,0,0.0,0.14144736842105263,0.5885310173034668
within,493,14,0,0.0,0.14144736842105263,0.571818470954895
within,494,8,0,0.0,0.14144736842105263,0.6607134342193604
within,495,10,0,0.0,0.14144736842105263,0.6320261359214783
within,496,14,0,0.0,0.14144736842105263,0.7008400559425354
within,497,10,0,0.0,0.14144736842105263,0.6666978597640991
within,498,16,2,0.125,0.14144736842105263,0.8104559183120728
within,499,10,0,0.0,0.14144736842105263,0.5306951999664307
within,500,11,1,0.09090909090909091,0.14144736842105263,0.4468449354171753
within,501,14,0,0.0,0.14144736842105263,0.676164984703064
within,502,18,0,0.0,0.14144736842105263,0.7723948955535889
within,503,18,1,0.05555555555555555,0.14144736842105263,0.7092800140380859
within,504,22,1,0.045454545454545456,0.14144736842105263,0.8710790872573853
within,505,16,1,0.0625,0.14144736842105263,0.7543845772743225
within,506,21,0,0.0,0.14144736842105263,0.6192163825035095
within,507,13,0,0.0,0.14144736842105263,0.5854068994522095
within,508,11,0,0.0,0.14144736842105263,0.600712239742279
within,509,17,0,0.0,0.14144736842105263,0.6116524934768677
within,510,29,3,0.10344827586206896,0.14144736842105263,0.5539519190788269
within,511,20,2,0.1,0.14144736842105263,0.6994580030441284
within,512,22,3,0.13636363636363635,0.14144736842105263,0.6882690191268921
within,513,18,1,0.05555555555555555,0.14144736842105263,0.6869422793388367
within,514,20,0,0.0,0.14144736842105263,0.7044326066970825
within,515,12,0,0.0,0.14144736842105263,0.670394778251648
within,516,9,2,0.2222222222222222,0.14144736842105263,0.5874969363212585
within,517,8,1,0.125,0.14144736842105263,0.6413796544075012
within,518,11,1,0.09090909090909091,0.14144736842105263,0.5542647242546082
within,519,18,0,0.0,0.14144736842105263,0.7910873293876648
within,520,17,0,0.0,0.14144736842105263,0.6591871976852417
within,521,20,1,0.05,0.14144736842105263,0.7005938291549683
within,522,27,1,0.037037037037037035,0.14144736842105263,0.8356867432594299
within,523,12,1,0.08333333333333333,0.14144736842105263,0.6646009683609009
within,524,10,0,0.0,0.14144736842105263,0.9310949444770813
within,525,22,1,0.045454545454545456,0.14144736842105263,0.5926905870437622
within,526,27,0,0.0,0.14144736842105263,0.8944638967514038
within,527,23,1,0.043478260869565216,0.14144736842105263,0.7230534553527832
within,528,17,0,0.0,0.14144736842105263,0.6972579956054688
within,529,26,0,0.0,0.14144736842105263,0.7091354131698608
within,530,24,1,0.041666666666666664,0.14144736842105263,0.5623446702957153
within,531,28,0,0.0,0.14144736842105263,0.6708233952522278
within,532,28,1,0.03571428571428571,0.14144736842105263,0.7795897126197815
within,533,19,1,0.05263157894736842,0.14144736842105263,0.7057725191116333
within,534,27,1,0.037037037037037035,0.14144736842105263,0.7639715671539307
within,535,14,1,0.07142857142857142,0.14144736842105263,0.6433299779891968
within,536,17,2,0.11764705882352941,0.14144736842105263,0.6905328035354614
within,537,16,0,0.0,0.14144736842105263,0.5778142213821411
within,538,5,0,0.0,0.14144736842105263,0.6193933486938477
within,539,14,0,0.0,0.14144736842105263,0.5927191972732544
within,540,4,0,0.0,0.14144736842105263,0.6542593240737915
within,541,18,0,0.0,0.14144736842105263,0.5858237743377686
within,542,21,0,0.0,0.14144736842105263,0.7149271965026855
within,543,12,0,0.0,0.14144736842105263,0.7040120363235474
within,544,17,0,0.0,0.14144736842105263,0.78151535987854
within,545,10,0,0.0,0.14144736842105263,0.6287294626235962
within,546,21,0,0.0,0.14144736842105263,0.7028788328170776
within,547,26,0,0.0,0.14144736842105263,0.6211303472518921
within,548,5,0,0.0,0.14144736842105263,0.7665829062461853
within,549,7,0,0.0,0.14144736842105263,0.5670042037963867
within,550,20,3,0.15,0.14144736842105263,0.7672301530838013
within,551,11,0,0.0,0.14144736842105263,0.5473365783691406
within,552,17,1,0.058823529411764705,0.14144736842105263,0.6350616216659546
within,553,24,0,0.0,0.14144736842105263,0.601704478263855
within,554,17,5,0.29411764705882354,0.14144736842105263,0.8272542357444763
within,555,8,1,0.125,0.14144736842105263,0.6262683272361755
within,556,7,0,0.0,0.14144736842105263,0.5697228908538818
within,557,17,0,0.0,0.14144736842105263,0.692113995552063
within,558,13,0,0.0,0.14144736842105263,0.6764430999755859
within,559,8,0,0.0,0.14144736842105263,0.6982927322387695
within,560,17,1,0.058823529411764705,0.14144736842105263,0.6770561933517456
within,561,15,0,0.0,0.14144736842105263,0.6733160018920898
within,562,11,0,0.0,0.14144736842105263,0.8458291292190552
within,563,7,0,0.0,0.14144736842105263,0.5914930701255798
within,564,7,0,0.0,0.14144736842105263,0.793418288230896
within,565,25,1,0.04,0.14144736842105263,0.7029790878295898
within,566,12,1,0.08333333333333333,0.14144736842105263,0.7375047206878662
within,567,27,1,0.037037037037037035,0.14144736842105263,0.8354791402816772
within,568,22,0,0.0,0.14144736842105263,0.6727473735809326
within,569,9,0,0.0,0.14144736842105263,0.6291475296020508
within,570,22,0,0.0,0.14144736842105263,0.7154554724693298
within,571,22,1,0.045454545454545456,0.14144736842105263,0.6038679480552673
within,572,15,0,0.0,0.14144736842105263,0.6019465923309326
within,573,6,0,0.0,0.14144736842105263,0.6856732368469238
within,574,16,0,0.0,0.14144736842105263,0.6777732372283936
within,575,14,0,0.0,0.14144736842105263,0.6830441355705261
within,576,17,4,0.23529411764705882,0.14144736842105263,0.5571750402450562
within,577,19,1,0.05263157894736842,0.14144736842105263,0.7231712341308594
within,578,22,0,0.0,0.14144736842105263,0.5424302220344543
within,579,21,1,0.047619047619047616,0.14144736842105263,0.7539025545120239
within,580,16,1,0.0625,0.14144736842105263,0.7485843896865845
within,581,12,1,0.08333333333333333,0.14144736842105263,0.5776466131210327
within,582,6,0,0.0,0.14144736842105263,0.6336326599121094
within,583,28,0,0.0,0.14144736842105263,0.6577496528625488
within,584,9,1,0.1111111111111111,0.14144736842105263,0.7159705758094788
within,585,17,1,0.058823529411764705,0.14144736842105263,0.6309069395065308
within,586,14,0,0.0,0.14144736842105263,0.746429443359375
within,587,15,0,0.0,0.14144736842105263,0.6607329249382019
within,588,27,2,0.07407407407407407,0.14144736842105263,0.7751325964927673
within,589,14,0,0.0,0.14144736842105263,0.6685657501220703
within,590,12,2,0.16666666666666666,0.14144736842105263,0.5774486064910889
within,591,24,1,0.041666666666666664,0.14144736842105263,0.8612484931945801
within,592,6,0,0.0,0.14144736842105263,0.6497936248779297
within,593,11,0,0.0,0.14144736842105263,0.6749980449676514
within,594,23,1,0.043478260869565216,0.14144736842105263,0.7062620520591736
within,595,25,1,0.04,0.14144736842105263,0.7174689769744873
within,596,22,1,0.045454545454545456,0.14144736842105263,0.6510953903198242
within,597,15,0,0.0,0.14144736842105263,0.745156466960907
within,598,16,0,0.0,0.14144736842105263,0.8425842523574829
within,599,9,1,0.1111111111111111,0.14144736842105263,0.5199228525161743
within,600,5,1,0.2,0.14144736842105263,0.8449960350990295
within,601,12,1,0.08333333333333333,0.14144736842105263,0.6571496725082397
within,602,6,0,0.0,0.14144736842105263,0.7068002223968506
within,603,7,1,0.14285714285714285,0.14144736842105263,0.7696998119354248
within,604,16,2,0.125,0.14144736842105263,0.8172337412834167
within,605,7,0,0.0,0.14144736842105263,0.4965217709541321
within,606,20,0,0.0,0.14144736842105263,0.6412785649299622
within,607,13,3,0.23076923076923078,0.14144736842105263,0.5989565849304199
within,608,18,1,0.05555555555555555,0.14144736842105263,0.7034933567047119
within,609,7,0,0.0,0.14144736842105263,0.7170393466949463
within,610,15,0,0.0,0.14144736842105263,0.6728980541229248
within,611,19,0,0.0,0.14144736842105263,0.604866087436676
within,612,7,0,0.0,0.14144736842105263,0.7301534414291382
within,613,24,0,0.0,0.14144736842105263,0.6572591662406921
within,614,20,1,0.05,0.14144736842105263,0.6051947474479675
within,615,19,1,0.05263157894736842,0.14144736842105263,0.5303109884262085
within,616,27,0,0.0,0.14144736842105263,0.8004536628723145
within,617,23,0,0.0,0.14144736842105263,0.571713924407959
within,618,26,2,0.07692307692307693,0.14144736842105263,0.6945910453796387
within,619,17,3,0.17647058823529413,0.14144736842105263,0.7784574627876282
within,620,8,1,0.125,0.14144736842105263,0.7354834079742432
within,621,22,2,0.09090909090909091,0.14144736842105263,0.7163516283035278
within,622,9,0,0.0,0.14144736842105263,0.6773386597633362
within,623,7,1,0.14285714285714285,0.14144736842105263,0.7993488907814026
within,624,11,0,0.0,0.14144736842105263,0.6925762295722961
within,625,8,1,0.125,0.14144736842105263,0.7180683612823486
within,626,24,0,0.0,0.14144736842105263,0.8295577764511108
within,627,10,0,0.0,0.14144736842105263,0.7380334138870239
within,628,29,1,0.034482758620689655,0.14144736842105263,0.6870429515838623
within,629,30,0,0.0,0.14144736842105263,0.6010243892669678
within,630,20,1,0.05,0.14144736842105263,0.6909980773925781
within,631,20,2,0.1,0.14144736842105263,0.5705018043518066
within,632,8,1,0.125,0.14144736842105263,0.922897458076477
within,633,8,0,0.0,0.14144736842105263,0.6902705430984497
within,634,13,0,0.0,0.14144736842105263,0.6305038928985596
within,635,9,1,0.1111111111111111,0.14144736842105263,0.9289045333862305
within,636,25,1,0.04,0.14144736842105263,0.6882305145263672
within,637,29,0,0.0,0.14144736842105263,0.6486629247665405
within,638,13,0,0.0,0.14144736842105263,0.5516646504402161
within,639,16,1,0.0625,0.14144736842105263,0.5174005031585693
within,640,19,0,0.0,0.14144736842105263,0.6001133918762207
within,641,23,0,0.0,0.14144736842105263,0.7740421891212463
within,642,16,0,0.0,0.14144736842105263,0.5865868330001831
within,643,10,0,0.0,0.14144736842105263,0.7149792909622192
within,644,18,2,0.1111111111111111,0.14144736842105263,0.7343897223472595
within,645,8,1,0.125,0.14144736842105263,0.743798553943634
within,646,19,0,0.0,0.14144736842105263,0.5771396160125732
within,647,7,4,0.5714285714285714,0.14144736842105263,0.7279292345046997
within,648,28,3,0.10714285714285714,0.14144736842105263,0.7779301404953003
within,649,17,0,0.0,0.14144736842105263,0.6405154466629028
within,650,11,0,0.0,0.14144736842105263,0.5878928899765015
within,651,21,1,0.047619047619047616,0.14144736842105263,0.7759166955947876
within,652,10,1,0.1,0.14144736842105263,0.7354355454444885
within,653,17,1,0.058823529411764705,0.14144736842105263,0.7440918684005737
within,654,24,0,0.0,0.14144736842105263,0.6381170153617859
within,655,30,1,0.03333333333333333,0.14144736842105263,0.653861403465271
within,656,13,0,0.0,0.14144736842105263,0.6458566188812256
within,657,18,0,0.0,0.14144736842105263,0.6961758136749268
within,658,17,0,0.0,0.14144736842105263,0.6141219139099121
within,659,13,0,0.0,0.14144736842105263,0.7830275297164917
within,660,12,0,0.0,0.14144736842105263,0.6715792417526245
within,661,25,2,0.08,0.14144736842105263,0.8141545653343201
within,662,29,0,0.0,0.14144736842105263,0.7013400793075562
within,663,12,0,0.0,0.14144736842105263,0.6496360301971436
within,664,10,1,0.1,0.14144736842105263,0.5890333652496338
within,665,18,0,0.0,0.14144736842105263,0.6167577505111694
within,666,19,0,0.0,0.14144736842105263,0.7516158223152161
within,667,5,0,0.0,0.14144736842105263,0.6177507638931274
within,668,7,0,0.0,0.14144736842105263,0.5941323041915894
within,669,30,0,0.0,0.14144736842105263,0.6757678389549255
within,670,6,0,0.0,0.14144736842105263,0.7306281328201294
within,671,14,0,0.0,0.14144736842105263,0.6371231079101562
within,672,14,0,0.0,0.14144736842105263,0.7280170917510986
within,673,22,0,0.0,0.14144736842105263,0.7194709181785583
within,674,23,1,0.043478260869565216,0.14144736842105263,0.616122841835022
within,675,15,0,0.0,0.14144736842105263,0.6976134777069092
within,676,12,2,0.16666666666666666,0.14144736842105263,0.7717503309249878
within,677,16,2,0.125,0.14144736842105263,0.709803581237793
within,678,20,1,0.05,0.14144736842105263,0.935591995716095
within,679,24,1,0.041666666666666664,0.14144736842105263,0.6641343235969543
within,680,17,2,0.11764705882352941,0.14144736842105263,0.5949097275733948
within,681,11,0,0.0,0.14144736842105263,0.6097246408462524
within,682,24,0,0.0,0.14144736842105263,0.5496382713317871
within,683,16,2,0.125,0.14144736842105263,0.7947283983230591
within,684,13,0,0.0,0.14144736842105263,0.6609982252120972
within,685,29,1,0.034482758620689655,0.14144736842105263,1.0149836540222168
within,686,16,0,0.0,0.14144736842105263,0.5871567130088806
within,687,22,1,0.045454545454545456,0.14144736842105263,0.6572573781013489
within,688,23,3,0.13043478260869565,0.14144736842105263,0.7752004861831665
within,689,6,1,0.16666666666666666,0.14144736842105263,0.8067389726638794
within,690,11,0,0.0,0.14144736842105263,0.6189138889312744
within,691,16,0,0.0,0.14144736842105263,0.511661171913147
within,692,19,1,0.05263157894736842,0.14144736842105263,0.6937570571899414
within,693,14,0,0.0,0.14144736842105263,0.6948932409286499
within,694,15,0,0.0,0.14144736842105263,0.6233923435211182
within,695,21,1,0.047619047619047616,0.14144736842105263,0.9453518390655518
within,696,14,0,0.0,0.14144736842105263,0.6364332437515259
within,697,8,0,0.0,0.14144736842105263,0.8805668354034424
within,698,33,0,0.0,0.14144736842105263,0.6114228963851929
within,699,22,1,0.045454545454545456,0.14144736842105263,0.6422735452651978
within,700,10,0,0.0,0.14144736842105263,0.6138383150100708
within,701,15,0,0.0,0.14144736842105263,0.686225950717926
within,702,8,0,0.0,0.14144736842105263,0.6421488523483276
within,703,24,0,0.0,0.14144736842105263,0.5540052652359009
within,704,25,8,0.32,0.14144736842105263,0.6708483695983887
within,705,19,0,0.0,0.14144736842105263,0.6195148825645447
within,706,16,0,0.0,0.14144736842105263,0.7529637217521667
within,707,19,0,0.0,0.14144736842105263,0.6437910795211792
within,708,25,0,0.0,0.14144736842105263,0.8001565933227539
within,709,5,1,0.2,0.14144736842105263,0.653735876083374
within,710,27,0,0.0,0.14144736842105263,0.8249634504318237
within,711,7,0,0.0,0.14144736842105263,0.6196808815002441
within,712,13,0,0.0,0.14144736842105263,0.6099526882171631
within,713,6,0,0.0,0.14144736842105263,0.7768650054931641
within,714,6,0,0.0,0.14144736842105263,0.6399062275886536
within,715,12,0,0.0,0.14144736842105263,0.5585578680038452
within,716,12,0,0.0,0.14144736842105263,0.7371042966842651
within,717,10,1,0.1,0.14144736842105263,0.744281530380249
within,718,19,0,0.0,0.14144736842105263,0.7362790107727051
within,719,14,1,0.07142857142857142,0.14144736842105263,0.5842373371124268
within,720,8,1,0.125,0.14144736842105263,0.7711468935012817
within,721,8,0,0.0,0.14144736842105263,0.777931272983551
within,722,25,1,0.04,0.14144736842105263,0.6631134748458862
within,723,9,0,0.0,0.14144736842105263,0.6851949095726013
within,724,9,0,0.0,0.14144736842105263,0.7155259251594543
within,725,17,0,0.0,0.14144736842105263,0.7581374645233154
within,726,22,2,0.09090909090909091,0.14144736842105263,0.7270444631576538
within,727,17,0,0.0,0.14144736842105263,0.6579538583755493
within,728,7,0,0.0,0.14144736842105263,0.7282116413116455
within,729,14,0,0.0,0.14144736842105263,0.6515442728996277
within,730,9,0,0.0,0.14144736842105263,0.7877983450889587
within,731,12,0,0.0,0.14144736842105263,0.9450169205665588
within,732,17,2,0.11764705882352941,0.14144736842105263,0.83658367395401
within,733,20,0,0.0,0.14144736842105263,0.5963585376739502
within,734,10,0,0.0,0.14144736842105263,0.7180946469306946
within,735,14,0,0.0,0.14144736842105263,0.7505258321762085
within,736,28,0,0.0,0.14144736842105263,0.600794792175293
within,737,9,0,0.0,0.14144736842105263,0.49602586030960083
within,738,27,0,0.0,0.14144736842105263,0.587518036365509
within,739,18,0,0.0,0.14144736842105263,0.6330872178077698
within,740,22,1,0.045454545454545456,0.14144736842105263,0.6633481979370117
within,741,9,0,0.0,0.14144736842105263,0.6970911026000977
within,742,13,0,0.0,0.14144736842105263,0.5153050422668457
within,743,28,2,0.07142857142857142,0.14144736842105263,0.647676944732666
within,744,20,0,0.0,0.14144736842105263,0.6294200420379639
within,745,21,0,0.0,0.14144736842105263,0.7593929767608643
within,746,16,0,0.0,0.14144736842105263,0.6422847509384155
within,747,7,1,0.14285714285714285,0.14144736842105263,0.8393534421920776
within,748,14,2,0.14285714285714285,0.14144736842105263,0.7657272219657898
within,749,8,0,0.0,0.14144736842105263,0.6832808256149292
within,750,31,0,0.0,0.14144736842105263,0.6754508018493652
within,751,16,0,0.0,0.14144736842105263,0.5445257425308228
within,752,19,1,0.05263157894736842,0.14144736842105263,0.5149917602539062
within,753,12,0,0.0,0.14144736842105263,0.7757457494735718
within,754,12,1,0.08333333333333333,0.14144736842105263,0.8247029185295105
within,755,6,0,0.0,0.14144736842105263,0.7167640924453735
within,756,21,1,0.047619047619047616,0.14144736842105263,0.6668164134025574
within,757,25,0,0.0,0.14144736842105263,0.5410099029541016
within,758,17,0,0.0,0.14144736842105263,0.6157143115997314
within,759,14,0,0.0,0.14144736842105263,0.8286893963813782
within,760,16,0,0.0,0.14144736842105263,0.5571166276931763
within,761,9,0,0.0,0.14144736842105263,0.5700098276138306
within,762,8,0,0.0,0.14144736842105263,0.6444994807243347
within,763,5,0,0.0,0.14144736842105263,0.7785598039627075
within,764,13,1,0.07692307692307693,0.14144736842105263,0.7488563060760498
within,765,27,0,0.0,0.14144736842105263,0.6509051322937012
within,766,24,0,0.0,0.14144736842105263,0.6851266622543335
within,767,7,0,0.0,0.14144736842105263,0.5365361571311951
within,768,10,0,0.0,0.14144736842105263,0.5407638549804688
within,769,7,0,0.0,0.14144736842105263,0.55945885181427
within,770,9,0,0.0,0.14144736842105263,0.6798046827316284
within,771,17,2,0.11764705882352941,0.14144736842105263,0.6398823261260986
within,772,10,0,0.0,0.14144736842105263,0.7791304588317871
within,773,13,1,0.07692307692307693,0.14144736842105263,0.6505764722824097
within,774,17,0,0.0,0.14144736842105263,0.5959435701370239
within,775,8,0,0.0,0.14144736842105263,0.6898940801620483
within,776,16,1,0.0625,0.14144736842105263,0.6300507187843323
within,777,13,1,0.07692307692307693,0.14144736842105263,0.8318851590156555
within,778,17,1,0.058823529411764705,0.14144736842105263,0.7668327689170837
within,779,19,0,0.0,0.14144736842105263,0.6085598468780518
within,780,27,1,0.037037037037037035,0.14144736842105263,0.5505006313323975
within,781,14,1,0.07142857142857142,0.14144736842105263,0.6300984621047974
within,782,25,0,0.0,0.14144736842105263,0.6336785554885864
within,783,25,2,0.08,0.14144736842105263,0.7716454267501831
within,784,12,0,0.0,0.14144736842105263,0.6723195910453796
within,785,8,0,0.0,0.14144736842105263,0.8518270254135132
within,786,11,1,0.09090909090909091,0.14144736842105263,0.692188024520874
within,787,10,0,0.0,0.14144736842105263,0.8725959658622742
within,788,8,0,0.0,0.14144736842105263,0.6267306804656982
within,789,7,1,0.14285714285714285,0.14144736842105263,0.7122691869735718
within,790,11,1,0.09090909090909091,0.14144736842105263,0.6203334331512451
within,791,14,0,0.0,0.14144736842105263,0.549292802810669
within,792,15,0,0.0,0.14144736842105263,0.6281847357749939
within,793,27,2,0.07407407407407407,0.14144736842105263,0.7206956148147583
within,794,25,0,0.0,0.14144736842105263,0.6449406743049622
within,795,15,0,0.0,0.14144736842105263,0.6921630501747131
within,796,21,9,0.42857142857142855,0.14144736842105263,0.5708906054496765
within,797,31,0,0.0,0.14144736842105263,0.6381121873855591
within,798,25,2,0.08,0.14144736842105263,0.723177433013916
within,799,18,0,0.0,0.14144736842105263,0.5807085037231445
within,800,14,0,0.0,0.14144736842105263,0.6808565855026245
within,801,20,0,0.0,0.14144736842105263,0.6355842351913452
within,802,11,0,0.0,0.14144736842105263,0.6084682941436768
within,803,26,2,0.07692307692307693,0.14144736842105263,0.634914755821228
within,804,24,0,0.0,0.14144736842105263,0.6084231734275818
within,805,22,0,0.0,0.14144736842105263,0.650040864944458
within,806,18,0,0.0,0.14144736842105263,0.7481509447097778
within,807,29,0,0.0,0.14144736842105263,0.7755407094955444
within,808,15,1,0.06666666666666667,0.14144736842105263,0.6788370013237
within,809,29,0,0.0,0.14144736842105263,0.6972317695617676
within,810,21,0,0.0,0.14144736842105263,0.6591383218765259
within,811,22,1,0.045454545454545456,0.14144736842105263,0.7502739429473877
within,812,15,0,0.0,0.14144736842105263,0.7050647735595703
within,813,23,1,0.043478260869565216,0.14144736842105263,0.6979527473449707
within,814,24,0,0.0,0.14144736842105263,0.7323538661003113
within,815,18,0,0.0,0.14144736842105263,0.6538448333740234
within,816,28,2,0.07142857142857142,0.14144736842105263,0.856902539730072
within,817,16,1,0.0625,0.14144736842105263,0.5954490900039673
within,818,10,0,0.0,0.14144736842105263,0.6396341323852539
within,819,8,0,0.0,0.14144736842105263,0.7536511421203613
within,820,10,0,0.0,0.14144736842105263,0.582838773727417
within,821,25,0,0.0,0.14144736842105263,0.6125918626785278
within,822,12,0,0.0,0.14144736842105263,0.5816580057144165
within,823,11,0,0.0,0.14144736842105263,0.6410565376281738
within,824,16,0,0.0,0.14144736842105263,0.54530930519104
within,825,23,1,0.043478260869565216,0.14144736842105263,0.6797369718551636
within,826,10,0,0.0,0.14144736842105263,0.6489090919494629
within,827,26,0,0.0,0.14144736842105263,0.6988465785980225
within,828,16,0,0.0,0.14144736842105263,0.6604124307632446
within,829,14,0,0.0,0.14144736842105263,0.6934256553649902
within,830,21,0,0.0,0.14144736842105263,0.6990535259246826
within,831,12,0,0.0,0.14144736842105263,0.675317108631134
within,832,29,0,0.0,0.14144736842105263,0.7083238363265991
within,833,27,1,0.037037037037037035,0.14144736842105263,0.7091357707977295
within,834,12,0,0.0,0.14144736842105263,0.6702070236206055
within,835,26,1,0.038461538461538464,0.14144736842105263,0.6119223833084106
within,836,12,0,0.0,0.14144736842105263,0.4674968719482422
within,837,30,1,0.03333333333333333,0.14144736842105263,0.6524326801300049
within,838,17,0,0.0,0.14144736842105263,0.591728925704956
within,839,28,0,0.0,0.14144736842105263,0.7880260944366455
within,840,18,0,0.0,0.14144736842105263,0.6517661809921265
within,841,9,0,0.0,0.14144736842105263,0.5902146100997925
within,842,15,1,0.06666666666666667,0.14144736842105263,0.5730724334716797
within,843,22,1,0.045454545454545456,0.14144736842105263,0.7236286997795105
within,844,25,2,0.08,0.14144736842105263,0.5995060205459595
within,845,20,1,0.05,0.14144736842105263,0.6084884405136108
within,846,14,0,0.0,0.14144736842105263,0.7367516756057739
within,847,24,0,0.0,0.14144736842105263,0.6620535254478455
within,848,12,0,0.0,0.14144736842105263,0.7032790184020996
within,849,17,0,0.0,0.14144736842105263,0.7370208501815796
within,850,28,1,0.03571428571428571,0.14144736842105263,0.6204063892364502
within,851,19,1,0.05263157894736842,0.14144736842105263,0.8454756736755371
within,852,27,1,0.037037037037037035,0.14144736842105263,0.8247146606445312
within,853,20,0,0.0,0.14144736842105263,0.7363177537918091
within,854,22,2,0.09090909090909091,0.14144736842105263,0.7738417387008667
within,855,12,0,0.0,0.14144736842105263,0.5403236150741577
within,856,13,0,0.0,0.14144736842105263,0.6947358846664429
within,857,19,0,0.0,0.14144736842105263,0.7351963520050049
within,858,12,0,0.0,0.14144736842105263,0.7440492510795593
within,859,10,0,0.0,0.14144736842105263,0.7135709524154663
within,860,9,1,0.1111111111111111,0.14144736842105263,0.559831976890564
within,861,10,0,0.0,0.14144736842105263,0.5776578187942505
within,862,16,0,0.0,0.14144736842105263,0.59876948595047
within,863,23,2,0.08695652173913043,0.14144736842105263,0.8270071744918823
within,864,14,0,0.0,0.14144736842105263,0.7302927374839783
within,865,15,0,0.0,0.14144736842105263,0.5630954504013062
within,866,25,1,0.04,0.14144736842105263,0.7124669551849365
within,867,14,1,0.07142857142857142,0.14144736842105263,0.6781680583953857
within,868,9,0,0.0,0.14144736842105263,0.6134380102157593
within,869,10,0,0.0,0.14144736842105263,0.6434473991394043
within,870,21,4,0.19047619047619047,0.14144736842105263,0.8417881727218628
within,871,13,4,0.3076923076923077,0.14144736842105263,0.6603734493255615
within,872,18,0,0.0,0.14144736842105263,0.679865837097168
within,873,6,0,0.0,0.14144736842105263,0.7298517227172852
within,874,11,0,0.0,0.14144736842105263,0.6332615613937378
within,875,14,0,0.0,0.14144736842105263,0.6037353277206421
within,876,17,0,0.0,0.14144736842105263,0.7438044548034668
within,877,15,1,0.06666666666666667,0.14144736842105263,0.7941727638244629
within,878,23,0,0.0,0.14144736842105263,0.594652533531189
within,879,23,0,0.0,0.14144736842105263,0.6111006140708923
within,880,15,0,0.0,0.14144736842105263,0.7024967074394226
within,881,15,1,0.06666666666666667,0.14144736842105263,0.6581209897994995
within,882,5,0,0.0,0.14144736842105263,0.6294180154800415
within,883,29,2,0.06896551724137931,0.14144736842105263,0.6225447654724121
within,884,17,0,0.0,0.14144736842105263,0.64378821849823
within,885,23,0,0.0,0.14144736842105263,0.7299734354019165
within,886,22,5,0.22727272727272727,0.14144736842105263,0.6631526350975037
within,887,21,1,0.047619047619047616,0.14144736842105263,0.8329468965530396
within,888,5,0,0.0,0.14144736842105263,0.520670473575592
within,889,26,1,0.038461538461538464,0.14144736842105263,0.8681113123893738
within,890,4,0,0.0,0.14144736842105263,0.6388347148895264
within,891,9,1,0.1111111111111111,0.14144736842105263,0.8574855923652649
within,892,20,0,0.0,0.14144736842105263,0.5345110893249512
within,893,6,1,0.16666666666666666,0.14144736842105263,0.6709487438201904
within,894,22,0,0.0,0.14144736842105263,0.7751935720443726
within,895,5,0,0.0,0.14144736842105263,0.5993244051933289
within,896,25,2,0.08,0.14144736842105263,0.8947783708572388
within,897,14,0,0.0,0.14144736842105263,0.7067715525627136
within,898,21,0,0.0,0.14144736842105263,0.5538588166236877
within,899,30,0,0.0,0.14144736842105263,0.7773026823997498
within,900,7,0,0.0,0.14144736842105263,0.5300232172012329
within,901,7,0,0.0,0.14144736842105263,0.6661392450332642
within,902,19,0,0.0,0.14144736842105263,0.7898885607719421
within,903,29,1,0.034482758620689655,0.14144736842105263,0.6685526371002197
within,904,22,4,0.18181818181818182,0.14144736842105263,0.6806330680847168
within,905,18,0,0.0,0.14144736842105263,0.595707893371582
within,906,13,0,0.0,0.14144736842105263,0.7127274870872498
within,907,19,1,0.05263157894736842,0.14144736842105263,0.7766517400741577
short,0,27,0,0.0,0.16496815286624203,0.5993690490722656
short,1,9,1,0.1111111111111111,0.16496815286624203,0.6192495822906494
short,2,19,0,0.0,0.16496815286624203,0.5824825763702393
short,3,15,0,0.0,0.16496815286624203,0.5734596252441406
short,4,5,2,0.4,0.16496815286624203,0.7758451700210571
short,5,12,2,0.16666666666666666,0.16496815286624203,0.5946611762046814
short,6,5,0,0.0,0.16496815286624203,0.5430988073348999
short,7,24,1,0.041666666666666664,0.16496815286624203,0.6976999640464783
short,8,22,0,0.0,0.16496815286624203,0.6998672485351562
short,9,6,0,0.0,0.16496815286624203,0.6404007077217102
short,10,11,0,0.0,0.16496815286624203,0.7997385859489441
short,11,20,0,0.0,0.16496815286624203,0.6498774290084839
short,12,12,0,0.0,0.16496815286624203,0.6391201615333557
short,13,30,0,0.0,0.16496815286624203,0.7853193879127502
short,14,27,1,0.037037037037037035,0.16496815286624203,0.6062737703323364
short,15,28,0,0.0,0.16496815286624203,0.6814757585525513
short,16,12,0,0.0,0.16496815286624203,0.6310064196586609
short,17,22,0,0.0,0.16496815286624203,0.541964054107666
short,18,7,1,0.14285714285714285,0.16496815286624203,0.7051432132720947
short,19,23,0,0.0,0.16496815286624203,0.6404465436935425
short,20,20,1,0.05,0.16496815286624203,0.5746075510978699
short,21,23,1,0.043478260869565216,0.16496815286624203,0.7016003131866455
short,22,10,0,0.0,0.16496815286624203,0.6585983037948608
short,23,17,0,0.0,0.16496815286624203,0.6116372346878052
short,24,18,0,0.0,0.16496815286624203,0.7494342923164368
short,25,13,0,0.0,0.16496815286624203,0.7373064160346985
short,26,5,0,0.0,0.16496815286624203,0.7622811198234558
short,27,21,2,0.09523809523809523,0.16496815286624203,0.5875566005706787
short,28,15,0,0.0,0.16496815286624203,0.7078536748886108
short,29,14,0,0.0,0.16496815286624203,0.5694535970687866
short,30,23,0,0.0,0.16496815286624203,0.5641055107116699
short,31,15,0,0.0,0.16496815286624203,0.5992430448532104
short,32,7,0,0.0,0.16496815286624203,0.6941389441490173
short,33,12,1,0.08333333333333333,0.16496815286624203,0.6985189914703369
short,34,16,1,0.0625,0.16496815286624203,0.6208715438842773
short,35,17,3,0.17647058823529413,0.16496815286624203,0.7403082251548767
short,36,14,0,0.0,0.16496815286624203,0.6994787454605103
short,37,14,1,0.07142857142857142,0.16496815286624203,0.6751881837844849
short,38,24,0,0.0,0.16496815286624203,0.656527042388916
short,39,5,0,0.0,0.16496815286624203,0.6591557860374451
short,40,8,0,0.0,0.16496815286624203,0.4547499418258667
short,41,23,0,0.0,0.16496815286624203,0.49553972482681274
short,42,13,0,0.0,0.16496815286624203,0.5429463386535645
short,43,11,0,0.0,0.16496815286624203,0.5136864185333252
short,44,8,0,0.0,0.16496815286624203,0.617629885673523
short,45,8,0,0.0,0.16496815286624203,0.5621619820594788
short,46,24,1,0.041666666666666664,0.16496815286624203,0.6768112778663635
short,47,15,0,0.0,0.16496815286624203,0.8431073427200317
short,48,17,1,0.058823529411764705,0.16496815286624203,0.7125141620635986
short,49,17,2,0.11764705882352941,0.16496815286624203,0.604689359664917
short,50,8,1,0.125,0.16496815286624203,0.7002658843994141
short,51,19,0,0.0,0.16496815286624203,0.5319489240646362
short,52,9,1,0.1111111111111111,0.16496815286624203,0.5444062352180481
short,53,18,1,0.05555555555555555,0.16496815286624203,0.7485140562057495
short,54,32,0,0.0,0.16496815286624203,0.7715373635292053
short,55,13,0,0.0,0.16496815286624203,0.7606808543205261
short,56,18,1,0.05555555555555555,0.16496815286624203,0.6533390283584595
short,57,10,2,0.2,0.16496815286624203,0.6574167609214783
short,58,21,2,0.09523809523809523,0.16496815286624203,0.617828369140625
short,59,23,0,0.0,0.16496815286624203,0.4896275997161865
short,60,8,1,0.125,0.16496815286624203,0.8125251531600952
short,61,16,0,0.0,0.16496815286624203,0.5969735383987427
short,62,18,0,0.0,0.16496815286624203,0.7667255997657776
short,63,12,0,0.0,0.16496815286624203,0.6218956708908081
short,64,20,5,0.25,0.16496815286624203,0.7447096705436707
short,65,22,2,0.09090909090909091,0.16496815286624203,0.7929814457893372
short,66,12,0,0.0,0.16496815286624203,0.6555919051170349
short,67,7,0,0.0,0.16496815286624203,0.745909571647644
short,68,18,2,0.1111111111111111,0.16496815286624203,0.739294707775116
short,69,7,1,0.14285714285714285,0.16496815286624203,0.5570944547653198
short,70,15,0,0.0,0.16496815286624203,0.8206074833869934
short,71,9,0,0.0,0.16496815286624203,0.675094723701477
short,72,15,0,0.0,0.16496815286624203,0.6227845549583435
short,73,9,0,0.0,0.16496815286624203,0.6628277897834778
short,74,13,1,0.07692307692307693,0.16496815286624203,0.6266462802886963
short,75,23,1,0.043478260869565216,0.16496815286624203,0.6839824914932251
short,76,11,0,0.0,0.16496815286624203,0.6006442308425903
short,77,24,0,0.0,0.16496815286624203,0.5763936042785645
short,78,6,1,0.16666666666666666,0.16496815286624203,0.8007715940475464
short,79,7,0,0.0,0.16496815286624203,0.6214699149131775
short,80,20,1,0.05,0.16496815286624203,0.7814410924911499
short,81,16,1,0.0625,0.16496815286624203,0.5414157509803772
short,82,25,1,0.04,0.16496815286624203,0.7485727071762085
short,83,10,0,0.0,0.16496815286624203,0.627548098564148
short,84,9,1,0.1111111111111111,0.16496815286624203,0.628916323184967
short,85,15,0,0.0,0.16496815286624203,0.6826730966567993
short,86,12,1,0.08333333333333333,0.16496815286624203,0.7149628400802612
short,87,25,1,0.04,0.16496815286624203,0.6454983353614807
short,88,23,3,0.13043478260869565,0.16496815286624203,0.7209429740905762
short,89,13,0,0.0,0.16496815286624203,0.5932574272155762
short,90,21,1,0.047619047619047616,0.16496815286624203,0.5950844287872314
short,91,20,0,0.0,0.16496815286624203,0.8068246841430664
short,92,20,0,0.0,0.16496815286624203,0.6924787759780884
short,93,20,1,0.05,0.16496815286624203,0.6827179193496704
short,94,24,0,0.0,0.16496815286624203,0.7628474831581116
short,95,17,0,0.0,0.16496815286624203,0.49430710077285767
short,96,13,5,0.38461538461538464,0.16496815286624203,0.6667445302009583
short,97,13,0,0.0,0.16496815286624203,0.549401581287384
short,98,12,0,0.0,0.16496815286624203,0.7692215442657471
short,99,17,0,0.0,0.16496815286624203,0.7284236550331116
short,100,8,0,0.0,0.16496815286624203,0.5462796688079834
short,101,20,0,0.0,0.16496815286624203,0.6939271688461304
short,102,10,0,0.0,0.16496815286624203,0.6800268888473511
short,103,15,2,0.13333333333333333,0.16496815286624203,0.9062821865081787
short,104,20,2,0.1,0.16496815286624203,0.6312999725341797
short,105,22,1,0.045454545454545456,0.16496815286624203,0.5706182718276978
short,106,13,0,0.0,0.16496815286624203,0.6975175142288208
short,107,14,1,0.07142857142857142,0.16496815286624203,0.7864068150520325
short,108,10,0,0.0,0.16496815286624203,0.8332051634788513
short,109,21,0,0.0,0.16496815286624203,0.617598295211792
short,110,18,1,0.05555555555555555,0.16496815286624203,0.8767446875572205
short,111,15,1,0.06666666666666667,0.16496815286624203,0.5582164525985718
short,112,13,2,0.15384615384615385,0.16496815286624203,0.5023770332336426
short,113,16,1,0.0625,0.16496815286624203,0.6670101881027222
short,114,15,0,0.0,0.16496815286624203,0.5574909448623657
short,115,16,2,0.125,0.16496815286624203,0.5783982276916504
short,116,22,5,0.22727272727272727,0.16496815286624203,0.6222033500671387
short,117,26,0,0.0,0.16496815286624203,0.5716583132743835
short,118,18,3,0.16666666666666666,0.16496815286624203,0.7165489196777344
short,119,15,1,0.06666666666666667,0.16496815286624203,0.617514967918396
short,120,24,0,0.0,0.16496815286624203,0.6402684450149536
short,121,13,0,0.0,0.16496815286624203,0.5965762138366699
short,122,22,3,0.13636363636363635,0.16496815286624203,0.5747395753860474
short,123,17,0,0.0,0.16496815286624203,0.8104965090751648
short,124,22,3,0.13636363636363635,0.16496815286624203,0.7806216478347778
short,125,18,0,0.0,0.16496815286624203,0.5786343812942505
short,126,16,3,0.1875,0.16496815286624203,0.6367290616035461
short,127,20,2,0.1,0.16496815286624203,0.7581260204315186
short,128,15,1,0.06666666666666667,0.16496815286624203,0.5988024473190308
short,129,8,1,0.125,0.16496815286624203,0.707192063331604
short,130,5,1,0.2,0.16496815286624203,0.5650982856750488
short,131,15,1,0.06666666666666667,0.16496815286624203,0.8746013641357422
short,132,12,1,0.08333333333333333,0.16496815286624203,0.7279254198074341
short,133,12,1,0.08333333333333333,0.16496815286624203,0.8143981099128723
short,134,8,1,0.125,0.16496815286624203,0.7040424346923828
short,135,14,1,0.07142857142857142,0.16496815286624203,0.6642084717750549
short,136,21,0,0.0,0.16496815286624203,0.5956273078918457
short,137,19,3,0.15789473684210525,0.16496815286624203,0.6248208284378052
short,138,12,1,0.08333333333333333,0.16496815286624203,0.7317142486572266
short,139,12,0,0.0,0.16496815286624203,0.6453671455383301
short,140,13,0,0.0,0.16496815286624203,0.7542574405670166
short,141,17,1,0.058823529411764705,0.16496815286624203,0.7968093156814575
short,142,10,0,0.0,0.16496815286624203,0.6611727476119995
short,143,21,1,0.047619047619047616,0.16496815286624203,0.6386831402778625
short,144,5,1,0.2,0.16496815286624203,0.6315723657608032
short,145,24,1,0.041666666666666664,0.16496815286624203,0.6739627718925476
short,146,13,1,0.07692307692307693,0.16496815286624203,0.629020094871521
short,147,20,1,0.05,0.16496815286624203,0.6165925860404968
short,148,24,0,0.0,0.16496815286624203,0.6209155321121216
short,149,5,1,0.2,0.16496815286624203,0.7855928540229797
short,150,22,2,0.09090909090909091,0.16496815286624203,0.7475981712341309
short,151,6,0,0.0,0.16496815286624203,0.7191622257232666
short,152,7,0,0.0,0.16496815286624203,0.716667652130127
short,153,12,1,0.08333333333333333,0.16496815286624203,0.8145905137062073
short,154,15,0,0.0,0.16496815286624203,0.547881007194519
short,155,20,0,0.0,0.16496815286624203,0.7525523900985718
short,156,17,2,0.11764705882352941,0.16496815286624203,0.6666162014007568
short,157,10,0,0.0,0.16496815286624203,0.775044858455658
short,158,22,0,0.0,0.16496815286624203,0.6118314862251282
short,159,10,3,0.3,0.16496815286624203,0.5817047357559204
short,160,18,4,0.2222222222222222,0.16496815286624203,0.6234362125396729
short,161,15,0,0.0,0.16496815286624203,0.5778783559799194
short,162,21,1,0.047619047619047616,0.16496815286624203,0.6232534646987915
short,163,18,0,0.0,0.16496815286624203,0.6575379967689514
short,164,18,0,0.0,0.16496815286624203,0.5680007934570312
short,165,9,0,0.0,0.16496815286624203,0.6705424785614014
short,166,5,0,0.0,0.16496815286624203,0.8389482498168945
short,167,10,0,0.0,0.16496815286624203,0.5748339295387268
short,168,26,0,0.0,0.16496815286624203,0.5618032813072205
short,169,26,1,0.038461538461538464,0.16496815286624203,0.6725809574127197
short,170,9,0,0.0,0.16496815286624203,0.6824615001678467
short,171,15,0,0.0,0.16496815286624203,0.6660717725753784
short,172,18,1,0.05555555555555555,0.16496815286624203,0.7666158676147461
short,173,28,1,0.03571428571428571,0.16496815286624203,0.5324128866195679
short,174,14,0,0.0,0.16496815286624203,0.6005799770355225
short,175,21,2,0.09523809523809523,0.16496815286624203,0.7190563678741455
short,176,10,2,0.2,0.16496815286624203,0.7434664964675903
short,177,12,0,0.0,0.16496815286624203,0.655390739440918
short,178,21,0,0.0,0.16496815286624203,0.5687703490257263
short,179,6,0,0.0,0.16496815286624203,0.6677623391151428
short,180,5,0,0.0,0.16496815286624203,0.574987530708313
short,181,14,2,0.14285714285714285,0.16496815286624203,0.6317818760871887
short,182,9,0,0.0,0.16496815286624203,0.7580666542053223
short,183,17,0,0.0,0.16496815286624203,0.5257340669631958
short,184,27,0,0.0,0.16496815286624203,0.5552375316619873
short,185,18,3,0.16666666666666666,0.16496815286624203,0.7408806681632996
short,186,23,3,0.13043478260869565,0.16496815286624203,0.5537936687469482
short,187,30,0,0.0,0.16496815286624203,0.7465578317642212
short,188,19,1,0.05263157894736842,0.16496815286624203,0.6655187606811523
short,189,22,0,0.0,0.16496815286624203,0.6056444048881531
short,190,18,1,0.05555555555555555,0.16496815286624203,0.5799026489257812
short,191,9,0,0.0,0.16496815286624203,0.5929430723190308
short,192,22,4,0.18181818181818182,0.16496815286624203,0.5785162448883057
short,193,17,1,0.058823529411764705,0.16496815286624203,0.5176087617874146
short,194,11,0,0.0,0.16496815286624203,0.8921940326690674
short,195,12,1,0.08333333333333333,0.16496815286624203,0.689517617225647
short,196,12,0,0.0,0.16496815286624203,0.5651999711990356
short,197,19,0,0.0,0.16496815286624203,0.7316269278526306
short,198,12,1,0.08333333333333333,0.16496815286624203,0.6268060803413391
short,199,18,1,0.05555555555555555,0.16496815286624203,0.5368506908416748
short,200,18,1,0.05555555555555555,0.16496815286624203,0.5958858728408813
short,201,23,1,0.043478260869565216,0.16496815286624203,0.9296696186065674
short,202,18,0,0.0,0.16496815286624203,0.81585693359375
short,203,20,1,0.05,0.16496815286624203,0.6747262477874756
short,204,14,0,0.0,0.16496815286624203,0.6236101388931274
short,205,10,1,0.1,0.16496815286624203,0.7120190858840942
short,206,17,0,0.0,0.16496815286624203,0.5108429193496704
short,207,6,0,0.0,0.16496815286624203,0.6539664268493652
short,208,15,1,0.06666666666666667,0.16496815286624203,0.645275354385376
short,209,26,1,0.038461538461538464,0.16496815286624203,0.610569953918457
short,210,13,0,0.0,0.16496815286624203,0.518358051776886
short,211,18,0,0.0,0.16496815286624203,0.9075477719306946
short,212,12,1,0.08333333333333333,0.16496815286624203,0.6599974632263184
short,213,19,0,0.0,0.16496815286624203,0.6840897798538208
short,214,14,2,0.14285714285714285,0.16496815286624203,0.6978153586387634
short,215,21,2,0.09523809523809523,0.16496815286624203,0.5994617938995361
short,216,14,0,0.0,0.16496815286624203,0.5168147087097168
short,217,18,1,0.05555555555555555,0.16496815286624203,0.6289485692977905
short,218,11,0,0.0,0.16496815286624203,0.6617672443389893
short,219,9,3,0.3333333333333333,0.16496815286624203,0.7020801901817322
short,220,16,1,0.0625,0.16496815286624203,0.5941029787063599
short,221,23,3,0.13043478260869565,0.16496815286624203,0.6008419394493103
short,222,7,1,0.14285714285714285,0.16496815286624203,0.6473797559738159
short,223,17,3,0.17647058823529413,0.16496815286624203,0.8276238441467285
short,224,9,3,0.3333333333333333,0.16496815286624203,0.8710103034973145
short,225,15,0,0.0,0.16496815286624203,0.6465455293655396
short,226,11,3,0.2727272727272727,0.16496815286624203,0.6097121834754944
short,227,13,1,0.07692307692307693,0.16496815286624203,0.7718279361724854
short,228,5,0,0.0,0.16496815286624203,0.5099128484725952
short,229,18,1,0.05555555555555555,0.16496815286624203,0.7213940620422363
short,230,5,1,0.2,0.16496815286624203,0.7397028207778931
short,231,13,0,0.0,0.16496815286624203,0.6884902715682983
short,232,25,0,0.0,0.16496815286624203,0.5558065176010132
short,233,12,0,0.0,0.16496815286624203,0.6747168302536011
short,234,17,0,0.0,0.16496815286624203,0.6438882350921631
short,235,6,0,0.0,0.16496815286624203,0.7168481349945068
short,236,22,0,0.0,0.16496815286624203,0.6307852268218994
short,237,22,0,0.0,0.16496815286624203,0.6808959245681763
short,238,4,0,0.0,0.16496815286624203,0.5812011361122131
short,239,15,1,0.06666666666666667,0.16496815286624203,0.617451548576355
short,240,19,0,0.0,0.16496815286624203,0.7271921634674072
short,241,12,2,0.16666666666666666,0.16496815286624203,0.8866378664970398
short,242,18,0,0.0,0.16496815286624203,0.6409480571746826
short,243,5,0,0.0,0.16496815286624203,0.7273030281066895
short,244,7,0,0.0,0.16496815286624203,0.7417989373207092
short,245,20,1,0.05,0.16496815286624203,0.670398473739624
short,246,14,0,0.0,0.16496815286624203,0.5052320957183838
short,247,5,0,0.0,0.16496815286624203,0.7108248472213745
short,248,8,0,0.0,0.16496815286624203,0.7247327566146851
short,249,15,0,0.0,0.16496815286624203,0.5550462603569031
short,250,27,1,0.037037037037037035,0.16496815286624203,0.560825526714325
short,251,10,1,0.1,0.16496815286624203,0.536030650138855
short,252,16,1,0.0625,0.16496815286624203,0.8702260255813599
short,253,23,0,0.0,0.16496815286624203,0.5051137208938599
short,254,18,0,0.0,0.16496815286624203,0.6802619099617004
short,255,24,0,0.0,0.16496815286624203,0.5845599174499512
short,256,12,0,0.0,0.16496815286624203,0.557128369808197
short,257,22,0,0.0,0.16496815286624203,0.810981810092926
short,258,9,0,0.0,0.16496815286624203,0.6695572137832642
short,259,7,0,0.0,0.16496815286624203,0.7111635208129883
short,260,27,1,0.037037037037037035,0.16496815286624203,0.7288932800292969
short,261,13,0,0.0,0.16496815286624203,0.9215348958969116
short,262,24,0,0.0,0.16496815286624203,0.679682195186615
short,263,15,1,0.06666666666666667,0.16496815286624203,0.7663069367408752
short,264,13,0,0.0,0.16496815286624203,0.6232416033744812
short,265,21,0,0.0,0.16496815286624203,0.8624773025512695
short,266,12,0,0.0,0.16496815286624203,0.6452198624610901
short,267,22,1,0.045454545454545456,0.16496815286624203,0.8049267530441284
short,268,17,1,0.058823529411764705,0.16496815286624203,0.8352302312850952
short,269,10,0,0.0,0.16496815286624203,0.6852405071258545
short,270,17,0,0.0,0.16496815286624203,0.6233780384063721
short,271,27,1,0.037037037037037035,0.16496815286624203,0.5188564658164978
short,272,6,0,0.0,0.16496815286624203,0.7640000581741333
short,273,10,0,0.0,0.16496815286624203,0.5813969969749451
short,274,7,0,0.0,0.16496815286624203,0.5570757985115051
short,275,5,0,0.0,0.16496815286624203,0.704684853553772
short,276,10,1,0.1,0.16496815286624203,0.783906877040863
short,277,14,0,0.0,0.16496815286624203,0.6894806623458862
short,278,9,0,0.0,0.16496815286624203,0.7035398483276367
short,279,22,4,0.18181818181818182,0.16496815286624203,0.542177140712738
short,280,19,3,0.15789473684210525,0.16496815286624203,0.7605039477348328
short,281,18,1,0.05555555555555555,0.16496815286624203,0.6752832531929016
short,282,11,0,0.0,0.16496815286624203,0.6418944001197815
short,283,12,1,0.08333333333333333,0.16496815286624203,0.7044171094894409
short,284,20,1,0.05,0.16496815286624203,0.5943869948387146
short,285,18,0,0.0,0.16496815286624203,0.6918321847915649
short,286,23,0,0.0,0.16496815286624203,0.6695761680603027
short,287,10,1,0.1,0.16496815286624203,0.7325378656387329
short,288,11,0,0.0,0.16496815286624203,0.8703542351722717
short,289,24,1,0.041666666666666664,0.16496815286624203,0.6170871257781982
short,290,6,1,0.16666666666666666,0.16496815286624203,0.8085993528366089
short,291,14,0,0.0,0.16496815286624203,0.8410835266113281
short,292,10,0,0.0,0.16496815286624203,0.682813823223114
short,293,12,1,0.08333333333333333,0.16496815286624203,0.7115001678466797
short,294,10,1,0.1,0.16496815286624203,0.5883786678314209
short,295,9,0,0.0,0.16496815286624203,0.558211624622345
short,296,17,3,0.17647058823529413,0.16496815286624203,0.5475873351097107
short,297,11,1,0.09090909090909091,0.16496815286624203,0.6411527991294861
short,298,25,2,0.08,0.16496815286624203,0.6183803677558899
short,299,22,0,0.0,0.16496815286624203,0.7093458771705627
short,300,6,0,0.0,0.16496815286624203,0.8337495923042297
short,301,6,0,0.0,0.16496815286624203,0.5974745750427246
short,302,28,0,0.0,0.16496815286624203,0.6187654137611389
short,303,11,1,0.09090909090909091,0.16496815286624203,0.6745717525482178
short,304,9,0,0.0,0.16496815286624203,0.5782687664031982
short,305,25,2,0.08,0.16496815286624203,0.5479639768600464
short,306,11,0,0.0,0.16496815286624203,0.6132804155349731
short,307,16,0,0.0,0.16496815286624203,0.4653177857398987
short,308,8,0,0.0,0.16496815286624203,0.5612729787826538
short,309,24,3,0.125,0.16496815286624203,0.7489782571792603
short,310,14,1,0.07142857142857142,0.16496815286624203,0.6755067110061646
short,311,21,0,0.0,0.16496815286624203,0.6581394672393799
short,312,17,0,0.0,0.16496815286624203,0.5959669351577759
short,313,7,0,0.0,0.16496815286624203,0.5946105122566223
short,314,16,1,0.0625,0.16496815286624203,0.5397830009460449
short,315,6,1,0.16666666666666666,0.16496815286624203,0.8364102840423584
short,316,14,1,0.07142857142857142,0.16496815286624203,0.6571820974349976
short,317,14,0,0.0,0.16496815286624203,0.7575633525848389
short,318,11,1,0.09090909090909091,0.16496815286624203,0.6682395339012146
short,319,21,0,0.0,0.16496815286624203,0.6503462791442871
short,320,20,2,0.1,0.16496815286624203,0.6741651296615601
short,321,26,0,0.0,0.16496815286624203,0.7430024147033691
short,322,6,0,0.0,0.16496815286624203,0.5861812829971313
short,323,17,6,0.35294117647058826,0.16496815286624203,0.6405971050262451
short,324,19,0,0.0,0.16496815286624203,0.7275838255882263
short,325,11,0,0.0,0.16496815286624203,0.6904432773590088
short,326,16,0,0.0,0.16496815286624203,0.5823869705200195
short,327,26,0,0.0,0.16496815286624203,0.5359857678413391
short,328,7,1,0.14285714285714285,0.16496815286624203,0.7625868320465088
short,329,11,0,0.0,0.16496815286624203,0.6189751625061035
short,330,29,0,0.0,0.16496815286624203,0.7707409858703613
short,331,20,2,0.1,0.16496815286624203,0.7020156383514404
short,332,23,1,0.043478260869565216,0.16496815286624203,0.5718535780906677
short,333,17,1,0.058823529411764705,0.16496815286624203,0.5966810584068298
short,334,16,1,0.0625,0.16496815286624203,0.900836706161499
short,335,7,0,0.0,0.16496815286624203,0.5715683698654175
short,336,8,0,0.0,0.16496815286624203,0.6192006468772888
short,337,24,6,0.25,0.16496815286624203,0.8678590655326843
short,338,16,0,0.0,0.16496815286624203,0.5722672939300537
short,339,15,1,0.06666666666666667,0.16496815286624203,0.7997040748596191
short,340,14,1,0.07142857142857142,0.16496815286624203,0.7298611402511597
short,341,10,0,0.0,0.16496815286624203,0.7011860013008118
short,342,25,0,0.0,0.16496815286624203,0.7517211437225342
short,343,20,0,0.0,0.16496815286624203,0.4937551021575928
short,344,19,2,0.10526315789473684,0.16496815286624203,0.6430699825286865
short,345,10,1,0.1,0.16496815286624203,0.5608800053596497
short,346,19,1,0.05263157894736842,0.16496815286624203,0.7674320936203003
short,347,10,0,0.0,0.16496815286624203,0.6724374294281006
short,348,9,0,0.0,0.16496815286624203,0.7429379224777222
short,349,15,0,0.0,0.16496815286624203,0.768559455871582
short,350,7,0,0.0,0.16496815286624203,0.5127590894699097
short,351,21,4,0.19047619047619047,0.16496815286624203,0.7124219536781311
short,352,8,0,0.0,0.16496815286624203,0.635246992111206
short,353,16,0,0.0,0.16496815286624203,0.5714023113250732
short,354,28,1,0.03571428571428571,0.16496815286624203,0.5521047115325928
short,355,6,0,0.0,0.16496815286624203,0.6081637144088745
short,356,13,0,0.0,0.16496815286624203,0.6049226522445679
short,357,17,3,0.17647058823529413,0.16496815286624203,0.8312937617301941
short,358,20,2,0.1,0.16496815286624203,0.6480263471603394
short,359,6,0,0.0,0.16496815286624203,0.7408788800239563
short,360,8,1,0.125,0.16496815286624203,0.7510432600975037
short,361,12,1,0.08333333333333333,0.16496815286624203,0.6313245296478271
short,362,20,3,0.15,0.16496815286624203,0.6271131038665771
short,363,16,5,0.3125,0.16496815286624203,0.6400296688079834
short,364,6,0,0.0,0.16496815286624203,0.747036337852478
short,365,5,0,0.0,0.16496815286624203,0.8869017362594604
short,366,7,1,0.14285714285714285,0.16496815286624203,0.5514270067214966
short,367,5,0,0.0,0.16496815286624203,0.6189457178115845
short,368,15,0,0.0,0.16496815286624203,0.5961124300956726
short,369,20,1,0.05,0.16496815286624203,0.5851439237594604
short,370,17,2,0.11764705882352941,0.16496815286624203,0.5428101420402527
short,371,8,0,0.0,0.16496815286624203,0.5424224138259888
short,372,16,3,0.1875,0.16496815286624203,0.7561094760894775
short,373,15,0,0.0,0.16496815286624203,0.6468204259872437
short,374,17,1,0.058823529411764705,0.16496815286624203,0.5679683685302734
short,375,14,1,0.07142857142857142,0.16496815286624203,0.6683133840560913
short,376,18,0,0.0,0.16496815286624203,0.5721486806869507
short,377,21,0,0.0,0.16496815286624203,0.6709401607513428
short,378,7,0,0.0,0.16496815286624203,0.6243236064910889
short,379,22,2,0.09090909090909091,0.16496815286624203,0.6757369637489319
short,380,12,0,0.0,0.16496815286624203,0.5429511070251465
short,381,28,1,0.03571428571428571,0.16496815286624203,0.6497609615325928
short,382,20,3,0.15,0.16496815286624203,0.7709959745407104
short,383,16,1,0.0625,0.16496815286624203,0.7136484384536743
short,384,12,0,0.0,0.16496815286624203,0.6896363496780396
short,385,11,0,0.0,0.16496815286624203,0.5862759351730347
short,386,7,0,0.0,0.16496815286624203,0.630506157875061
short,387,11,0,0.0,0.16496815286624203,0.503258228302002
short,388,11,1,0.09090909090909091,0.16496815286624203,0.8440413475036621
short,389,26,0,0.0,0.16496815286624203,0.4860460162162781
short,390,4,0,0.0,0.16496815286624203,0.5705839395523071
short,391,22,2,0.09090909090909091,0.16496815286624203,0.6805996298789978
short,392,22,0,0.0,0.16496815286624203,0.5098546743392944
short,393,24,1,0.041666666666666664,0.16496815286624203,0.6667397022247314
short,394,6,0,0.0,0.16496815286624203,0.7441537380218506
short,395,8,1,0.125,0.16496815286624203,0.6463390588760376
short,396,10,0,0.0,0.16496815286624203,0.6430487632751465
short,397,11,0,0.0,0.16496815286624203,0.5264396667480469
short,398,9,0,0.0,0.16496815286624203,0.582349419593811
short,399,23,0,0.0,0.16496815286624203,0.5305118560791016
short,400,6,1,0.16666666666666666,0.16496815286624203,0.6474547386169434
short,401,12,0,0.0,0.16496815286624203,0.5916656851768494
short,402,15,1,0.06666666666666667,0.16496815286624203,0.6989636421203613
short,403,14,1,0.07142857142857142,0.16496815286624203,0.6412283182144165
short,404,15,1,0.06666666666666667,0.16496815286624203,0.6781876087188721
short,405,14,0,0.0,0.16496815286624203,0.592704176902771
short,406,10,1,0.1,0.16496815286624203,0.6575480103492737
short,407,8,0,0.0,0.16496815286624203,0.5745408535003662
short,408,26,1,0.038461538461538464,0.16496815286624203,0.6750510931015015
short,409,12,1,0.08333333333333333,0.16496815286624203,0.6318559646606445
short,410,13,0,0.0,0.16496815286624203,0.5424038767814636
short,411,7,1,0.14285714285714285,0.16496815286624203,0.8455619812011719
short,412,23,0,0.0,0.16496815286624203,0.6078451871871948
short,413,18,1,0.05555555555555555,0.16496815286624203,0.5806065201759338
short,414,17,0,0.0,0.16496815286624203,0.8355903029441833
short,415,4,1,0.25,0.16496815286624203,0.6488512754440308
short,416,7,0,0.0,0.16496815286624203,0.5000369548797607
short,417,15,0,0.0,0.16496815286624203,0.5866562128067017
short,418,22,1,0.045454545454545456,0.16496815286624203,0.6272029876708984
short,419,9,0,0.0,0.16496815286624203,0.6138817071914673
short,420,20,0,0.0,0.16496815286624203,0.7016487121582031
short,421,16,1,0.0625,0.16496815286624203,0.5277173519134521
short,422,19,2,0.10526315789473684,0.16496815286624203,0.7000404000282288
short,423,22,1,0.045454545454545456,0.16496815286624203,0.7328346967697144
short,424,17,0,0.0,0.16496815286624203,0.647698700428009
short,425,23,1,0.043478260869565216,0.16496815286624203,0.6189002990722656
short,426,6,0,0.0,0.16496815286624203,0.6434357166290283
short,427,12,0,0.0,0.16496815286624203,0.7381961941719055
short,428,17,1,0.058823529411764705,0.16496815286624203,0.575532078742981
short,429,22,1,0.045454545454545456,0.16496815286624203,0.6094778776168823
short,430,24,0,0.0,0.16496815286624203,0.5553230047225952
short,431,8,3,0.375,0.16496815286624203,0.591194748878479
short,432,17,0,0.0,0.16496815286624203,0.7363921999931335
short,433,21,0,0.0,0.16496815286624203,0.6955350637435913
short,434,12,2,0.16666666666666666,0.16496815286624203,0.8710198402404785
short,435,22,0,0.0,0.16496815286624203,0.5912312269210815
short,436,19,0,0.0,0.16496815286624203,0.578128457069397
short,437,22,0,0.0,0.16496815286624203,0.7576110363006592
short,438,6,0,0.0,0.16496815286624203,0.7109940052032471
short,439,19,1,0.05263157894736842,0.16496815286624203,0.665703535079956
short,440,6,0,0.0,0.16496815286624203,0.6099518537521362
short,441,5,0,0.0,0.16496815286624203,0.7183672189712524
short,442,8,0,0.0,0.16496815286624203,0.6649911403656006
short,443,18,0,0.0,0.16496815286624203,0.6675231456756592
short,444,11,0,0.0,0.16496815286624203,0.6894923448562622
short,445,7,0,0.0,0.16496815286624203,0.583431601524353
short,446,24,2,0.08333333333333333,0.16496815286624203,0.5841225385665894
short,447,5,0,0.0,0.16496815286624203,0.8919640779495239
short,448,14,1,0.07142857142857142,0.16496815286624203,0.5617382526397705
short,449,13,0,0.0,0.16496815286624203,0.7933300733566284
short,450,12,0,0.0,0.16496815286624203,0.6628662347793579
short,451,12,1,0.08333333333333333,0.16496815286624203,0.757590651512146
short,452,8,0,0.0,0.16496815286624203,0.7108535766601562
short,453,8,0,0.0,0.16496815286624203,0.5355767011642456
short,454,14,0,0.0,0.16496815286624203,0.7193114757537842
short,455,22,2,0.09090909090909091,0.16496815286624203,0.6411276459693909
short,456,15,2,0.13333333333333333,0.16496815286624203,0.8033859133720398
short,457,10,0,0.0,0.16496815286624203,0.5937774181365967
short,458,17,0,0.0,0.16496815286624203,0.6440509557723999
short,459,12,0,0.0,0.16496815286624203,0.63808274269104
short,460,7,0,0.0,0.16496815286624203,0.7376701831817627
short,461,26,1,0.038461538461538464,0.16496815286624203,0.7085421085357666
short,462,17,2,0.11764705882352941,0.16496815286624203,0.60801100730896
short,463,9,0,0.0,0.16496815286624203,0.7246028184890747
short,464,5,0,0.0,0.16496815286624203,0.5155254006385803
short,465,13,1,0.07692307692307693,0.16496815286624203,0.8538765907287598
short,466,19,1,0.05263157894736842,0.16496815286624203,0.7247748970985413
short,467,16,0,0.0,0.16496815286624203,0.6156754493713379
short,468,14,3,0.21428571428571427,0.16496815286624203,0.7201544046401978
short,469,21,0,0.0,0.16496815286624203,0.5633627772331238
short,470,9,0,0.0,0.16496815286624203,0.6967564225196838
short,471,9,1,0.1111111111111111,0.16496815286624203,0.637968122959137
short,472,8,0,0.0,0.16496815286624203,0.5785839557647705
short,473,14,3,0.21428571428571427,0.16496815286624203,0.7464160919189453
short,474,16,1,0.0625,0.16496815286624203,0.7166323065757751
short,475,22,0,0.0,0.16496815286624203,0.6762909293174744
short,476,19,0,0.0,0.16496815286624203,0.7999842166900635
short,477,22,0,0.0,0.16496815286624203,0.6586917638778687
short,478,27,0,0.0,0.16496815286624203,0.649213969707489
short,479,16,0,0.0,0.16496815286624203,0.6599892377853394
short,480,16,0,0.0,0.16496815286624203,0.6266627311706543
short,481,30,2,0.06666666666666667,0.16496815286624203,0.6489030122756958
short,482,21,0,0.0,0.16496815286624203,0.6794148087501526
short,483,9,0,0.0,0.16496815286624203,0.5853143930435181
short,484,23,2,0.08695652173913043,0.16496815286624203,0.5624034404754639
short,485,9,0,0.0,0.16496815286624203,0.7620994448661804
short,486,12,0,0.0,0.16496815286624203,0.5310446619987488
short,487,17,3,0.17647058823529413,0.16496815286624203,0.8740794658660889
short,488,10,0,0.0,0.16496815286624203,0.5108375549316406
short,489,21,2,0.09523809523809523,0.16496815286624203,0.6593904495239258
short,490,8,1,0.125,0.16496815286624203,0.657417356967926
short,491,9,0,0.0,0.16496815286624203,0.6263832449913025
short,492,25,1,0.04,0.16496815286624203,0.8691846132278442
short,493,9,0,0.0,0.16496815286624203,0.6628910899162292
short,494,12,1,0.08333333333333333,0.16496815286624203,0.5613927841186523
short,495,15,0,0.0,0.16496815286624203,0.6328964233398438
short,496,20,1,0.05,0.16496815286624203,0.5487627983093262
short,497,12,1,0.08333333333333333,0.16496815286624203,0.5846996903419495
short,498,8,0,0.0,0.16496815286624203,0.6957156658172607
short,499,12,1,0.08333333333333333,0.16496815286624203,0.5102294683456421
short,500,6,0,0.0,0.16496815286624203,0.7400132417678833
short,501,17,0,0.0,0.16496815286624203,0.5652004480361938
short,502,11,0,0.0,0.16496815286624203,0.7194201946258545
short,503,25,1,0.04,0.16496815286624203,0.6794156432151794
short,504,23,2,0.08695652173913043,0.16496815286624203,0.6495852470397949
short,505,13,2,0.15384615384615385,0.16496815286624203,0.7831219434738159
short,506,24,0,0.0,0.16496815286624203,0.8091146945953369
short,507,13,3,0.23076923076923078,0.16496815286624203,1.100622534751892
short,508,21,0,0.0,0.16496815286624203,0.7069692611694336
short,509,16,1,0.0625,0.16496815286624203,0.6875839233398438
short,510,24,3,0.125,0.16496815286624203,0.7623790502548218
short,511,16,0,0.0,0.16496815286624203,0.5990960597991943
short,512,24,0,0.0,0.16496815286624203,0.6970478892326355
short,513,23,1,0.043478260869565216,0.16496815286624203,0.9095810651779175
short,514,26,0,0.0,0.16496815286624203,0.808688759803772
short,515,6,0,0.0,0.16496815286624203,0.6622015833854675
short,516,9,0,0.0,0.16496815286624203,0.6579492688179016
short,517,7,0,0.0,0.16496815286624203,0.9112040996551514
short,518,12,0,0.0,0.16496815286624203,0.6189457178115845
short,519,16,0,0.0,0.16496815286624203,0.8501799702644348
short,520,20,0,0.0,0.16496815286624203,0.7316453456878662
short,521,13,0,0.0,0.16496815286624203,0.6842969655990601
short,522,17,0,0.0,0.16496815286624203,0.7736179232597351
short,523,18,1,0.05555555555555555,0.16496815286624203,0.5570803880691528
short,524,12,5,0.4166666666666667,0.16496815286624203,0.5873458981513977
short,525,23,1,0.043478260869565216,0.16496815286624203,0.7584627270698547
short,526,13,0,0.0,0.16496815286624203,0.6698678135871887
short,527,8,0,0.0,0.16496815286624203,0.5835549831390381
short,528,23,1,0.043478260869565216,0.16496815286624203,0.6924875974655151
short,529,13,3,0.23076923076923078,0.16496815286624203,0.8946515321731567
short,530,16,1,0.0625,0.16496815286624203,0.7782081961631775
short,531,11,3,0.2727272727272727,0.16496815286624203,0.6326907873153687
short,532,9,3,0.3333333333333333,0.16496815286624203,0.7778911590576172
short,533,20,1,0.05,0.16496815286624203,0.5208509564399719
short,534,5,0,0.0,0.16496815286624203,0.6508740186691284
short,535,24,1,0.041666666666666664,0.16496815286624203,0.6874443888664246
short,536,6,0,0.0,0.16496815286624203,0.6169495582580566
short,537,23,0,0.0,0.16496815286624203,0.647953987121582
short,538,20,0,0.0,0.16496815286624203,0.6310913562774658
short,539,15,0,0.0,0.16496815286624203,0.7210512161254883
short,540,28,5,0.17857142857142858,0.16496815286624203,0.6642122268676758
short,541,16,0,0.0,0.16496815286624203,0.7273509502410889
short,542,20,1,0.05,0.16496815286624203,0.5649045705795288
short,543,12,1,0.08333333333333333,0.16496815286624203,0.9477527737617493
short,544,27,4,0.14814814814814814,0.16496815286624203,0.7022303342819214
short,545,8,0,0.0,0.16496815286624203,0.6399542689323425
short,546,23,0,0.0,0.16496815286624203,0.7719855308532715
short,547,11,0,0.0,0.16496815286624203,0.5400246381759644
short,548,26,0,0.0,0.16496815286624203,0.6668627262115479
short,549,17,0,0.0,0.16496815286624203,0.7459458708763123
short,550,18,1,0.05555555555555555,0.16496815286624203,0.6223361492156982
short,551,30,0,0.0,0.16496815286624203,0.9150403738021851
short,552,13,1,0.07692307692307693,0.16496815286624203,0.8569161891937256
short,553,15,1,0.06666666666666667,0.16496815286624203,0.5744293928146362
short,554,8,0,0.0,0.16496815286624203,0.6256383657455444
short,555,26,1,0.038461538461538464,0.16496815286624203,0.6158586740493774
short,556,27,2,0.07407407407407407,0.16496815286624203,0.563217043876648
short,557,17,0,0.0,0.16496815286624203,0.6251980066299438
short,558,12,0,0.0,0.16496815286624203,0.6898138523101807
short,559,6,3,0.5,0.16496815286624203,0.8189836740493774
short,560,13,2,0.15384615384615385,0.16496815286624203,0.5547247529029846
short,561,10,1,0.1,0.16496815286624203,0.6987777948379517
short,562,7,1,0.14285714285714285,0.16496815286624203,0.6764398813247681
short,563,7,0,0.0,0.16496815286624203,0.6700860261917114
short,564,9,0,0.0,0.16496815286624203,0.6805351376533508
short,565,7,0,0.0,0.16496815286624203,0.5682132840156555
short,566,6,0,0.0,0.16496815286624203,0.7582333087921143
short,567,15,0,0.0,0.16496815286624203,0.6820245981216431
short,568,15,1,0.06666666666666667,0.16496815286624203,0.7810629606246948
short,569,11,1,0.09090909090909091,0.16496815286624203,0.6497727632522583
short,570,20,0,0.0,0.16496815286624203,0.6426587700843811
short,571,17,1,0.058823529411764705,0.16496815286624203,0.6969910860061646
short,572,10,0,0.0,0.16496815286624203,0.5135538578033447
short,573,14,0,0.0,0.16496815286624203,0.7364062070846558
short,574,23,0,0.0,0.16496815286624203,0.7100611925125122
short,575,7,0,0.0,0.16496815286624203,0.5823280811309814
short,576,18,1,0.05555555555555555,0.16496815286624203,0.6440740823745728
short,577,11,0,0.0,0.16496815286624203,0.5139496326446533
short,578,15,0,0.0,0.16496815286624203,0.7158808708190918
short,579,21,0,0.0,0.16496815286624203,0.5729697942733765
short,580,17,0,0.0,0.16496815286624203,0.6394271850585938
short,581,22,0,0.0,0.16496815286624203,0.6517366766929626
short,582,12,2,0.16666666666666666,0.16496815286624203,0.5756380558013916
short,583,20,2,0.1,0.16496815286624203,0.7309908270835876
short,584,20,3,0.15,0.16496815286624203,0.5244432091712952
short,585,16,0,0.0,0.16496815286624203,0.624339759349823
short,586,15,1,0.06666666666666667,0.16496815286624203,0.6329055428504944
short,587,11,0,0.0,0.16496815286624203,0.6321080923080444
short,588,21,2,0.09523809523809523,0.16496815286624203,0.7056143283843994
short,589,20,0,0.0,0.16496815286624203,0.45824915170669556
short,590,20,0,0.0,0.16496815286624203,0.6684291958808899
short,591,18,0,0.0,0.16496815286624203,0.640670657157898
short,592,25,0,0.0,0.16496815286624203,0.5423802137374878
short,593,29,0,0.0,0.16496815286624203,0.7715587019920349
short,594,10,1,0.1,0.16496815286624203,0.7678990364074707
short,595,21,0,0.0,0.16496815286624203,0.5846031904220581
short,596,18,1,0.05555555555555555,0.16496815286624203,0.7029549479484558
short,597,28,0,0.0,0.16496815286624203,0.7536652088165283
short,598,22,0,0.0,0.16496815286624203,0.8619644641876221
short,599,9,0,0.0,0.16496815286624203,0.5752233266830444
short,600,8,0,0.0,0.16496815286624203,0.5270485877990723
short,601,23,0,0.0,0.16496815286624203,0.7310471534729004
short,602,9,0,0.0,0.16496815286624203,0.7091484069824219
short,603,13,1,0.07692307692307693,0.16496815286624203,0.5665751099586487
short,604,14,2,0.14285714285714285,0.16496815286624203,0.7255051136016846
short,605,28,0,0.0,0.16496815286624203,0.6989285945892334
short,606,9,0,0.0,0.16496815286624203,0.6435127854347229
short,607,7,0,0.0,0.16496815286624203,0.6208648681640625
short,608,17,0,0.0,0.16496815286624203,0.6213645339012146
short,609,22,0,0.0,0.16496815286624203,0.6959648132324219
short,610,22,0,0.0,0.16496815286624203,0.6938449144363403
short,611,18,0,0.0,0.16496815286624203,0.6880457401275635
short,612,16,0,0.0,0.16496815286624203,0.5569219589233398
short,613,13,1,0.07692307692307693,0.16496815286624203,0.6742072701454163
short,614,14,0,0.0,0.16496815286624203,0.6920663118362427
short,615,10,1,0.1,0.16496815286624203,0.6415516138076782
short,616,29,0,0.0,0.16496815286624203,0.518311619758606
short,617,8,0,0.0,0.16496815286624203,0.6808196306228638
short,618,14,1,0.07142857142857142,0.16496815286624203,0.798075258731842
short,619,9,0,0.0,0.16496815286624203,0.7852001190185547
short,620,18,0,0.0,0.16496815286624203,0.6792417764663696
short,621,22,1,0.045454545454545456,0.16496815286624203,0.7856286764144897
short,622,17,0,0.0,0.16496815286624203,0.6427230834960938
short,623,4,1,0.25,0.16496815286624203,0.8034703731536865
short,624,10,0,0.0,0.16496815286624203,0.8624594211578369
short,625,11,0,0.0,0.16496815286624203,0.7009178996086121
short,626,12,2,0.16666666666666666,0.16496815286624203,0.6116466522216797
short,627,27,0,0.0,0.16496815286624203,0.7644330859184265
short,628,20,2,0.1,0.16496815286624203,0.5677918195724487
short,629,21,3,0.14285714285714285,0.16496815286624203,0.788011372089386
short,630,24,0,0.0,0.16496815286624203,0.8585656881332397
short,631,17,1,0.058823529411764705,0.16496815286624203,0.6673187017440796
short,632,28,0,0.0,0.16496815286624203,0.6771351099014282
short,633,12,0,0.0,0.16496815286624203,0.5569780468940735
short,634,9,1,0.1111111111111111,0.16496815286624203,0.6456400156021118
short,635,24,2,0.08333333333333333,0.16496815286624203,0.7245773077011108
short,636,14,0,0.0,0.16496815286624203,0.6856904625892639
short,637,24,3,0.125,0.16496815286624203,0.49461859464645386
short,638,22,0,0.0,0.16496815286624203,0.6581907272338867
short,639,17,0,0.0,0.16496815286624203,0.5865331888198853
short,640,8,1,0.125,0.16496815286624203,0.6098029613494873
short,641,19,0,0.0,0.16496815286624203,0.7485116720199585
short,642,5,0,0.0,0.16496815286624203,0.7494295835494995
short,643,8,0,0.0,0.16496815286624203,0.7231183052062988
short,644,22,2,0.09090909090909091,0.16496815286624203,0.8135231733322144
short,645,6,0,0.0,0.16496815286624203,0.5510187149047852
short,646,20,1,0.05,0.16496815286624203,1.011043906211853
short,647,18,0,0.0,0.16496815286624203,0.6068552136421204
short,648,11,0,0.0,0.16496815286624203,0.6247656941413879
short,649,10,0,0.0,0.16496815286624203,0.8167855739593506
short,650,20,0,0.0,0.16496815286624203,0.5354207754135132
short,651,17,1,0.058823529411764705,0.16496815286624203,0.7584493160247803
short,652,18,0,0.0,0.16496815286624203,0.8127246499061584
short,653,21,0,0.0,0.16496815286624203,0.7914361953735352
short,654,14,1,0.07142857142857142,0.16496815286624203,0.6469526886940002
short,655,10,3,0.3,0.16496815286624203,0.7708927989006042
short,656,17,1,0.058823529411764705,0.16496815286624203,0.5990293025970459
short,657,23,0,0.0,0.16496815286624203,0.6852411031723022
short,658,13,1,0.07692307692307693,0.16496815286624203,0.799023449420929
short,659,23,0,0.0,0.16496815286624203,0.6541346311569214
short,660,16,0,0.0,0.16496815286624203,0.5182006359100342
short,661,19,0,0.0,0.16496815286624203,0.6868255138397217
short,662,17,1,0.058823529411764705,0.16496815286624203,0.7603129148483276
short,663,11,0,0.0,0.16496815286624203,0.6794477701187134
short,664,12,0,0.0,0.16496815286624203,0.5374422073364258
short,665,26,0,0.0,0.16496815286624203,0.7316204309463501
short,666,25,1,0.04,0.16496815286624203,0.4654601812362671
short,667,12,1,0.08333333333333333,0.16496815286624203,0.8825665712356567
short,668,13,1,0.07692307692307693,0.16496815286624203,0.5902541875839233
short,669,16,0,0.0,0.16496815286624203,0.7940161228179932
short,670,16,0,0.0,0.16496815286624203,0.6001644134521484
short,671,21,2,0.09523809523809523,0.16496815286624203,0.6847877502441406
short,672,16,3,0.1875,0.16496815286624203,0.9046594500541687
short,673,19,0,0.0,0.16496815286624203,0.8368975520133972
short,674,14,0,0.0,0.16496815286624203,0.5223443508148193
short,675,9,0,0.0,0.16496815286624203,0.6893267035484314
short,676,19,1,0.05263157894736842,0.16496815286624203,0.7223769426345825
short,677,13,1,0.07692307692307693,0.16496815286624203,0.828652560710907
short,678,28,1,0.03571428571428571,0.16496815286624203,0.6559238433837891
short,679,21,1,0.047619047619047616,0.16496815286624203,0.5236371755599976
short,680,18,2,0.1111111111111111,0.16496815286624203,0.6325541734695435
short,681,8,0,0.0,0.16496815286624203,0.6924760341644287
short,682,24,2,0.08333333333333333,0.16496815286624203,0.7251921892166138
short,683,23,0,0.0,0.16496815286624203,0.757908284664154
short,684,9,3,0.3333333333333333,0.16496815286624203,0.7431381940841675
short,685,18,0,0.0,0.16496815286624203,0.5076802968978882
short,686,7,0,0.0,0.16496815286624203,0.6367257833480835
short,687,23,3,0.13043478260869565,0.16496815286624203,0.712803304195404
short,688,8,0,0.0,0.16496815286624203,0.5542765259742737
short,689,25,1,0.04,0.16496815286624203,0.5378251075744629
short,690,16,0,0.0,0.16496815286624203,0.48199599981307983
short,691,24,1,0.041666666666666664,0.16496815286624203,0.6667671203613281
short,692,16,0,0.0,0.16496815286624203,0.5538884401321411
short,693,14,0,0.0,0.16496815286624203,0.6529820561408997
short,694,15,3,0.2,0.16496815286624203,0.7267574071884155
short,695,5,0,0.0,0.16496815286624203,0.6837446689605713
short,696,22,0,0.0,0.16496815286624203,0.7222293615341187
short,697,16,0,0.0,0.16496815286624203,0.5715892314910889
short,698,18,2,0.1111111111111111,0.16496815286624203,0.856884241104126
short,699,18,1,0.05555555555555555,0.16496815286624203,0.7633956074714661
short,700,22,1,0.045454545454545456,0.16496815286624203,0.6363669633865356
short,701,27,1,0.037037037037037035,0.16496815286624203,0.5953236222267151
short,702,25,0,0.0,0.16496815286624203,0.785996675491333
short,703,22,0,0.0,0.16496815286624203,0.8301634788513184
short,704,24,1,0.041666666666666664,0.16496815286624203,0.6275333166122437
short,705,21,0,0.0,0.16496815286624203,0.6585263609886169
short,706,13,1,0.07692307692307693,0.16496815286624203,0.8280788660049438
short,707,14,0,0.0,0.16496815286624203,0.7629910707473755
short,708,15,0,0.0,0.16496815286624203,0.585279107093811
short,709,24,0,0.0,0.16496815286624203,0.6541134715080261
short,710,8,0,0.0,0.16496815286624203,0.7384693026542664
short,711,7,0,0.0,0.16496815286624203,0.5527622699737549
short,712,10,1,0.1,0.16496815286624203,0.7059252262115479
short,713,9,0,0.0,0.16496815286624203,0.597758412361145
short,714,18,1,0.05555555555555555,0.16496815286624203,0.8935034871101379
short,715,8,0,0.0,0.16496815286624203,0.6919664740562439
short,716,18,1,0.05555555555555555,0.16496815286624203,0.40830153226852417
short,717,8,0,0.0,0.16496815286624203,0.6256370544433594
short,718,25,2,0.08,0.16496815286624203,0.5625607371330261
short,719,17,2,0.11764705882352941,0.16496815286624203,0.6848759651184082
short,720,12,0,0.0,0.16496815286624203,0.596000075340271
short,721,17,2,0.11764705882352941,0.16496815286624203,0.8529659509658813
short,722,16,0,0.0,0.16496815286624203,0.7949304580688477
short,723,19,2,0.10526315789473684,0.16496815286624203,0.5704003572463989
short,724,21,0,0.0,0.16496815286624203,0.7381027936935425
short,725,22,1,0.045454545454545456,0.16496815286624203,0.6255666017532349
short,726,8,0,0.0,0.16496815286624203,0.5467383861541748
short,727,22,2,0.09090909090909091,0.16496815286624203,0.8973339796066284
short,728,8,1,0.125,0.16496815286624203,0.6194535493850708
short,729,27,1,0.037037037037037035,0.16496815286624203,0.7477450370788574
short,730,5,0,0.0,0.16496815286624203,0.720568060874939
short,731,24,0,0.0,0.16496815286624203,0.7535855770111084
short,732,18,0,0.0,0.16496815286624203,0.705336332321167
short,733,19,0,0.0,0.16496815286624203,0.6669886112213135
short,734,23,0,0.0,0.16496815286624203,0.5470001697540283
short,735,12,0,0.0,0.16496815286624203,0.608879804611206
short,736,18,0,0.0,0.16496815286624203,0.7394136190414429
short,737,19,0,0.0,0.16496815286624203,0.5768215656280518
short,738,19,2,0.10526315789473684,0.16496815286624203,0.5593664050102234
short,739,11,0,0.0,0.16496815286624203,0.8224726319313049
short,740,19,1,0.05263157894736842,0.16496815286624203,0.7394012808799744
short,741,6,0,0.0,0.16496815286624203,0.6305789947509766
short,742,11,0,0.0,0.16496815286624203,0.6248058676719666
short,743,21,0,0.0,0.16496815286624203,0.6325380206108093
short,744,7,0,0.0,0.16496815286624203,0.5880895853042603
short,745,8,0,0.0,0.16496815286624203,0.7551906108856201
short,746,5,0,0.0,0.16496815286624203,0.6397156715393066
short,747,24,1,0.041666666666666664,0.16496815286624203,0.6749392151832581
short,748,7,0,0.0,0.16496815286624203,0.49773019552230835
short,749,25,0,0.0,0.16496815286624203,0.6902943253517151
short,750,11,0,0.0,0.16496815286624203,0.7495556473731995
short,751,25,1,0.04,0.16496815286624203,0.5785900354385376
short,752,10,2,0.2,0.16496815286624203,0.7077670097351074
short,753,16,2,0.125,0.16496815286624203,0.7992858290672302
short,754,22,0,0.0,0.16496815286624203,0.6141325235366821
short,755,27,0,0.0,0.16496815286624203,0.6657410860061646
short,756,6,0,0.0,0.16496815286624203,0.7183046340942383
short,757,14,0,0.0,0.16496815286624203,0.6329545974731445
short,758,14,0,0.0,0.16496815286624203,0.6040036082267761
short,759,13,0,0.0,0.16496815286624203,0.521307647228241
short,760,21,1,0.047619047619047616,0.16496815286624203,0.7818681001663208
short,761,16,2,0.125,0.16496815286624203,0.587073802947998
short,762,18,0,0.0,0.16496815286624203,0.7727154493331909
short,763,12,0,0.0,0.16496815286624203,0.48715126514434814
short,764,17,0,0.0,0.16496815286624203,0.6347430944442749
short,765,19,1,0.05263157894736842,0.16496815286624203,0.7535045146942139
short,766,27,1,0.037037037037037035,0.16496815286624203,0.6549524068832397
short,767,17,1,0.058823529411764705,0.16496815286624203,0.678268313407898
short,768,18,1,0.05555555555555555,0.16496815286624203,0.7181746959686279
short,769,10,0,0.0,0.16496815286624203,0.6609604358673096
short,770,20,1,0.05,0.16496815286624203,0.8331877589225769
short,771,22,2,0.09090909090909091,0.16496815286624203,0.6886873245239258
short,772,32,0,0.0,0.16496815286624203,0.8425844311714172
short,773,5,0,0.0,0.16496815286624203,0.6281996965408325
short,774,20,1,0.05,0.16496815286624203,0.7159210443496704
short,775,6,0,0.0,0.16496815286624203,0.7800441384315491
short,776,28,0,0.0,0.16496815286624203,0.6459445953369141
short,777,16,0,0.0,0.16496815286624203,0.5443285703659058
short,778,22,0,0.0,0.16496815286624203,0.5812591910362244
short,779,16,0,0.0,0.16496815286624203,0.4878300428390503
short,780,10,1,0.1,0.16496815286624203,0.5827957391738892
short,781,23,1,0.043478260869565216,0.16496815286624203,0.6034608483314514
short,782,13,2,0.15384615384615385,0.16496815286624203,0.7270572185516357
short,783,20,2,0.1,0.16496815286624203,0.8294804692268372
short,784,19,0,0.0,0.16496815286624203,0.6697723865509033
short,785,8,2,0.25,0.16496815286624203,0.8754462003707886
short,786,10,1,0.1,0.16496815286624203,0.7419490218162537
short,787,26,4,0.15384615384615385,0.16496815286624203,0.8404806852340698
short,788,16,3,0.1875,0.16496815286624203,0.6534652709960938
short,789,11,0,0.0,0.16496815286624203,0.6568586230278015
short,790,15,1,0.06666666666666667,0.16496815286624203,0.6075707674026489
short,791,8,0,0.0,0.16496815286624203,0.7508460879325867
short,792,12,1,0.08333333333333333,0.16496815286624203,0.6618819236755371
short,793,12,1,0.08333333333333333,0.16496815286624203,0.5350016355514526
short,794,13,0,0.0,0.16496815286624203,0.8126127123832703
short,795,12,1,0.08333333333333333,0.16496815286624203,0.5819626450538635
short,796,17,1,0.058823529411764705,0.16496815286624203,0.6012274622917175
short,797,20,0,0.0,0.16496815286624203,0.7431703209877014
short,798,14,0,0.0,0.16496815286624203,0.5911911725997925
short,799,17,0,0.0,0.16496815286624203,0.6020942330360413
short,800,14,0,0.0,0.16496815286624203,0.7811794281005859
short,801,17,0,0.0,0.16496815286624203,0.5899968147277832
short,802,14,1,0.07142857142857142,0.16496815286624203,0.6562530994415283
short,803,7,0,0.0,0.16496815286624203,0.7401299476623535
short,804,17,0,0.0,0.16496815286624203,0.5941194295883179
short,805,16,0,0.0,0.16496815286624203,0.6245021820068359
short,806,19,0,0.0,0.16496815286624203,0.6864669322967529
short,807,19,1,0.05263157894736842,0.16496815286624203,0.8057665228843689
short,808,16,0,0.0,0.16496815286624203,0.6999198198318481
short,809,21,2,0.09523809523809523,0.16496815286624203,0.7091939449310303
short,810,21,0,0.0,0.16496815286624203,0.6471638679504395
short,811,26,0,0.0,0.16496815286624203,0.7646465301513672
short,812,12,0,0.0,0.16496815286624203,0.6115587949752808
short,813,15,3,0.2,0.16496815286624203,0.6575089693069458
short,814,7,0,0.0,0.16496815286624203,0.7329695224761963
short,815,22,1,0.045454545454545456,0.16496815286624203,0.598393440246582
short,816,18,0,0.0,0.16496815286624203,0.6310095191001892
short,817,19,0,0.0,0.16496815286624203,0.5161545276641846
short,818,16,0,0.0,0.16496815286624203,0.6621739864349365
short,819,13,0,0.0,0.16496815286624203,0.7166342735290527
short,820,10,1,0.1,0.16496815286624203,0.5988938808441162
short,821,13,0,0.0,0.16496815286624203,0.7172892689704895
short,822,23,2,0.08695652173913043,0.16496815286624203,0.5816625356674194
short,823,7,1,0.14285714285714285,0.16496815286624203,0.583899199962616
short,824,18,1,0.05555555555555555,0.16496815286624203,0.6549564599990845
short,825,17,0,0.0,0.16496815286624203,0.8297587037086487
short,826,17,1,0.058823529411764705,0.16496815286624203,0.5277291536331177
short,827,11,0,0.0,0.16496815286624203,0.6683461666107178
short,828,10,0,0.0,0.16496815286624203,0.8205276727676392
short,829,21,1,0.047619047619047616,0.16496815286624203,0.6195463538169861
short,830,24,1,0.041666666666666664,0.16496815286624203,0.6145604848861694
short,831,7,0,0.0,0.16496815286624203,0.5634578466415405
short,832,15,0,0.0,0.16496815286624203,0.7907721400260925
short,833,14,0,0.0,0.16496815286624203,0.5826940536499023
short,834,15,0,0.0,0.16496815286624203,0.8049613237380981
short,835,6,0,0.0,0.16496815286624203,0.7667808532714844
short,836,27,1,0.037037037037037035,0.16496815286624203,0.5739728808403015
short,837,7,0,0.0,0.16496815286624203,0.7039262056350708
short,838,17,0,0.0,0.16496815286624203,0.7547519207000732
short,839,14,3,0.21428571428571427,0.16496815286624203,0.7750545144081116
short,840,14,0,0.0,0.16496815286624203,0.5761775970458984
short,841,9,0,0.0,0.16496815286624203,0.66203773021698
short,842,14,1,0.07142857142857142,0.16496815286624203,0.6326602697372437
short,843,13,0,0.0,0.16496815286624203,0.6465502381324768
short,844,8,0,0.0,0.16496815286624203,0.5893055200576782
short,845,17,3,0.17647058823529413,0.16496815286624203,0.7971595525741577
short,846,25,1,0.04,0.16496815286624203,0.6962673664093018
short,847,10,2,0.2,0.16496815286624203,0.739793062210083
short,848,11,1,0.09090909090909091,0.16496815286624203,0.7235881090164185
short,849,23,1,0.043478260869565216,0.16496815286624203,0.6076619625091553
short,850,14,0,0.0,0.16496815286624203,0.6963838338851929
short,851,12,1,0.08333333333333333,0.16496815286624203,0.5868674516677856
short,852,9,1,0.1111111111111111,0.16496815286624203,0.6583710312843323
short,853,8,1,0.125,0.16496815286624203,0.8359735608100891
short,854,16,0,0.0,0.16496815286624203,0.6142982244491577
short,855,6,0,0.0,0.16496815286624203,0.7053595781326294
short,856,11,1,0.09090909090909091,0.16496815286624203,0.6394582986831665
short,857,8,1,0.125,0.16496815286624203,0.6879963874816895
short,858,5,0,0.0,0.16496815286624203,0.8247165679931641
short,859,21,0,0.0,0.16496815286624203,0.520455002784729
short,860,21,1,0.047619047619047616,0.16496815286624203,0.6322931051254272
short,861,22,0,0.0,0.16496815286624203,0.6297085285186768
short,862,14,0,0.0,0.16496815286624203,0.6602354049682617
short,863,23,2,0.08695652173913043,0.16496815286624203,0.6437513828277588
short,864,24,0,0.0,0.16496815286624203,0.7910816073417664
short,865,15,1,0.06666666666666667,0.16496815286624203,0.7696717977523804
short,866,9,1,0.1111111111111111,0.16496815286624203,0.8267826437950134
short,867,15,1,0.06666666666666667,0.16496815286624203,0.7658380270004272
short,868,20,0,0.0,0.16496815286624203,0.6830754280090332
short,869,23,0,0.0,0.16496815286624203,0.6543939113616943
short,870,10,1,0.1,0.16496815286624203,0.6817147731781006
short,871,5,0,0.0,0.16496815286624203,0.6979885101318359
short,872,22,0,0.0,0.16496815286624203,0.6671932339668274
short,873,17,2,0.11764705882352941,0.16496815286624203,0.7707275152206421
short,874,5,0,0.0,0.16496815286624203,0.7396281957626343
short,875,9,0,0.0,0.16496815286624203,0.7196300029754639
short,876,12,0,0.0,0.16496815286624203,0.666168749332428
short,877,13,1,0.07692307692307693,0.16496815286624203,0.5973625183105469
short,878,13,1,0.07692307692307693,0.16496815286624203,0.6954108476638794
short,879,14,0,0.0,0.16496815286624203,0.9388144612312317
short,880,5,0,0.0,0.16496815286624203,0.5358268022537231
short,881,26,1,0.038461538461538464,0.16496815286624203,0.582397997379303
short,882,16,2,0.125,0.16496815286624203,0.65711510181427
short,883,8,0,0.0,0.16496815286624203,0.5206177830696106
short,884,11,0,0.0,0.16496815286624203,0.6908084750175476
short,885,7,1,0.14285714285714285,0.16496815286624203,0.8068540096282959
short,886,17,1,0.058823529411764705,0.16496815286624203,0.6202588677406311
short,887,19,2,0.10526315789473684,0.16496815286624203,0.648613452911377
short,888,10,0,0.0,0.16496815286624203,0.8254571557044983
short,889,12,0,0.0,0.16496815286624203,0.732815146446228
short,890,26,0,0.0,0.16496815286624203,0.6900807023048401
short,891,22,0,0.0,0.16496815286624203,0.5889442563056946
short,892,17,0,0.0,0.16496815286624203,0.6380189657211304
short,893,12,3,0.25,0.16496815286624203,0.6705809831619263
short,894,12,0,0.0,0.16496815286624203,0.5027855038642883
short,895,21,0,0.0,0.16496815286624203,0.6465965509414673
short,896,17,2,0.11764705882352941,0.16496815286624203,0.6505905389785767
short,897,25,0,0.0,0.16496815286624203,0.7492744326591492
short,898,5,1,0.2,0.16496815286624203,0.7005534172058105
short,899,15,2,0.13333333333333333,0.16496815286624203,0.6351875066757202
short,900,13,0,0.0,0.16496815286624203,0.5298319458961487
short,901,21,1,0.047619047619047616,0.16496815286624203,0.7808288335800171
short,902,9,0,0.0,0.16496815286624203,0.7063469886779785
short,903,25,0,0.0,0.16496815286624203,0.6315033435821533
short,904,22,0,0.0,0.16496815286624203,0.6284631490707397
short,905,7,0,0.0,0.16496815286624203,0.6981798410415649
short,906,15,1,0.06666666666666667,0.16496815286624203,0.6593828201293945
short,907,16,3,0.1875,0.16496815286624203,0.8921946287155151
long,0,12,0,0.0,0.19272076372315036,0.6819695830345154
long,1,20,1,0.05,0.19272076372315036,0.6620141267776489
long,2,13,1,0.07692307692307693,0.19272076372315036,0.6373761296272278
long,3,17,0,0.0,0.19272076372315036,0.6613560914993286
long,4,20,1,0.05,0.19272076372315036,0.6074317693710327
long,5,14,0,0.0,0.19272076372315036,0.705216646194458
long,6,7,2,0.2857142857142857,0.19272076372315036,0.5190608501434326
long,7,17,0,0.0,0.19272076372315036,0.6177809238433838
long,8,8,4,0.5,0.19272076372315036,0.7369546294212341
long,9,7,1,0.14285714285714285,0.19272076372315036,0.7277664542198181
long,10,24,0,0.0,0.19272076372315036,0.5578100681304932
long,11,10,0,0.0,0.19272076372315036,0.7280260324478149
long,12,10,0,0.0,0.19272076372315036,0.6826760172843933
long,13,23,1,0.043478260869565216,0.19272076372315036,0.7293469905853271
long,14,12,0,0.0,0.19272076372315036,0.5944868922233582
long,15,14,0,0.0,0.19272076372315036,0.591722309589386
long,16,18,2,0.1111111111111111,0.19272076372315036,0.6759541034698486
long,17,15,0,0.0,0.19272076372315036,0.609404444694519
long,18,5,0,0.0,0.19272076372315036,0.6772427558898926
long,19,20,1,0.05,0.19272076372315036,0.7575879096984863
long,20,14,1,0.07142857142857142,0.19272076372315036,0.6342518329620361
long,21,10,1,0.1,0.19272076372315036,0.5643277168273926
long,22,5,0,0.0,0.19272076372315036,0.6200405359268188
long,23,11,0,0.0,0.19272076372315036,0.6100473403930664
long,24,22,5,0.22727272727272727,0.19272076372315036,0.5512710213661194
long,25,8,1,0.125,0.19272076372315036,0.7210754156112671
long,26,10,2,0.2,0.19272076372315036,0.6224085092544556
long,27,6,1,0.16666666666666666,0.19272076372315036,0.7276621460914612
long,28,18,1,0.05555555555555555,0.19272076372315036,0.6579214334487915
long,29,20,2,0.1,0.19272076372315036,0.7240672707557678
long,30,23,2,0.08695652173913043,0.19272076372315036,0.6781991720199585
long,31,16,3,0.1875,0.19272076372315036,0.80953449010849
long,32,11,0,0.0,0.19272076372315036,0.706156849861145
long,33,21,1,0.047619047619047616,0.19272076372315036,0.7550608515739441
long,34,5,0,0.0,0.19272076372315036,0.7720487117767334
long,35,15,0,0.0,0.19272076372315036,0.6509473323822021
long,36,20,1,0.05,0.19272076372315036,0.6333276033401489
long,37,14,0,0.0,0.19272076372315036,0.5388756394386292
long,38,21,0,0.0,0.19272076372315036,0.7826640009880066
long,39,17,3,0.17647058823529413,0.19272076372315036,0.8171441555023193
long,40,8,0,0.0,0.19272076372315036,0.5743228197097778
long,41,21,0,0.0,0.19272076372315036,0.5616419911384583
long,42,21,0,0.0,0.19272076372315036,0.680591881275177
long,43,19,0,0.0,0.19272076372315036,0.6203932762145996
long,44,15,1,0.06666666666666667,0.19272076372315036,0.6650121212005615
long,45,5,0,0.0,0.19272076372315036,0.664875328540802
long,46,26,0,0.0,0.19272076372315036,0.6300306916236877
long,47,26,0,0.0,0.19272076372315036,0.6116793155670166
long,48,10,0,0.0,0.19272076372315036,0.7464559078216553
long,49,21,0,0.0,0.19272076372315036,0.6558077335357666
long,50,14,1,0.07142857142857142,0.19272076372315036,0.5822043418884277
long,51,24,0,0.0,0.19272076372315036,0.7925769090652466
long,52,11,0,0.0,0.19272076372315036,0.544647216796875
long,53,15,0,0.0,0.19272076372315036,0.653823971748352
long,54,15,0,0.0,0.19272076372315036,0.7419801950454712
long,55,13,0,0.0,0.19272076372315036,0.6051098108291626
long,56,18,2,0.1111111111111111,0.19272076372315036,0.6429593563079834
long,57,18,1,0.05555555555555555,0.19272076372315036,0.8030563592910767
long,58,5,0,0.0,0.19272076372315036,0.5401889681816101
long,59,22,2,0.09090909090909091,0.19272076372315036,0.7813955545425415
long,60,11,0,0.0,0.19272076372315036,0.775120735168457
long,61,6,0,0.0,0.19272076372315036,0.7386215925216675
long,62,8,0,0.0,0.19272076372315036,0.6600127220153809
long,63,11,0,0.0,0.19272076372315036,0.5503330230712891
long,64,25,1,0.04,0.19272076372315036,0.7443909645080566
long,65,25,0,0.0,0.19272076372315036,0.7389060854911804
long,66,15,0,0.0,0.19272076372315036,0.7298115491867065
long,67,13,0,0.0,0.19272076372315036,0.6533411741256714
long,68,13,1,0.07692307692307693,0.19272076372315036,0.8262273669242859
long,69,21,1,0.047619047619047616,0.19272076372315036,0.6474619507789612
long,70,18,2,0.1111111111111111,0.19272076372315036,0.6205108165740967
long,71,5,0,0.0,0.19272076372315036,0.7666693329811096
long,72,13,1,0.07692307692307693,0.19272076372315036,0.7831052541732788
long,73,12,0,0.0,0.19272076372315036,0.6866967082023621
long,74,8,0,0.0,0.19272076372315036,0.7510748505592346
long,75,14,0,0.0,0.19272076372315036,0.7679516077041626
long,76,13,0,0.0,0.19272076372315036,0.7230067253112793
long,77,20,0,0.0,0.19272076372315036,0.6992992162704468
long,78,20,0,0.0,0.19272076372315036,0.6894569396972656
long,79,11,0,0.0,0.19272076372315036,0.6350528001785278
long,80,10,0,0.0,0.19272076372315036,0.5256397724151611
long,81,9,2,0.2222222222222222,0.19272076372315036,0.8695230484008789
long,82,9,0,0.0,0.19272076372315036,0.7535454630851746
long,83,11,2,0.18181818181818182,0.19272076372315036,0.64319908618927
long,84,15,1,0.06666666666666667,0.19272076372315036,0.6773865222930908
long,85,13,1,0.07692307692307693,0.19272076372315036,0.7073565721511841
long,86,9,0,0.0,0.19272076372315036,0.9433002471923828
long,87,14,0,0.0,0.19272076372315036,0.875822901725769
long,88,12,0,0.0,0.19272076372315036,0.5726597309112549
long,89,11,0,0.0,0.19272076372315036,0.6703128814697266
long,90,26,1,0.038461538461538464,0.19272076372315036,0.5494271516799927
long,91,16,1,0.0625,0.19272076372315036,0.6638807058334351
long,92,7,1,0.14285714285714285,0.19272076372315036,0.680594265460968
long,93,11,0,0.0,0.19272076372315036,0.773634672164917
long,94,12,2,0.16666666666666666,0.19272076372315036,0.5906845331192017
long,95,7,0,0.0,0.19272076372315036,0.8662522435188293
long,96,7,0,0.0,0.19272076372315036,0.5390263795852661
long,97,25,1,0.04,0.19272076372315036,0.6642210483551025
long,98,15,1,0.06666666666666667,0.19272076372315036,0.7345179915428162
long,99,22,1,0.045454545454545456,0.19272076372315036,0.7259937524795532
long,100,20,0,0.0,0.19272076372315036,0.7705795764923096
long,101,7,0,0.0,0.19272076372315036,0.7038500308990479
long,102,21,0,0.0,0.19272076372315036,0.7966160774230957
long,103,10,0,0.0,0.19272076372315036,0.7314136028289795
long,104,7,0,0.0,0.19272076372315036,0.8872355222702026
long,105,15,2,0.13333333333333333,0.19272076372315036,0.8985554575920105
long,106,10,2,0.2,0.19272076372315036,0.647359311580658
long,107,7,1,0.14285714285714285,0.19272076372315036,0.8360587358474731
long,108,16,1,0.0625,0.19272076372315036,0.5346108675003052
long,109,11,2,0.18181818181818182,0.19272076372315036,0.6911646127700806
long,110,11,0,0.0,0.19272076372315036,0.6559614539146423
long,111,19,1,0.05263157894736842,0.19272076372315036,0.8782570958137512
long,112,10,1,0.1,0.19272076372315036,0.6205346584320068
long,113,5,0,0.0,0.19272076372315036,0.683083713054657
long,114,9,1,0.1111111111111111,0.19272076372315036,0.5834237337112427
long,115,26,3,0.11538461538461539,0.19272076372315036,0.634924054145813
long,116,9,2,0.2222222222222222,0.19272076372315036,0.6802120804786682
long,117,10,1,0.1,0.19272076372315036,0.5967541933059692
long,118,20,2,0.1,0.19272076372315036,0.6602644324302673
long,119,19,3,0.15789473684210525,0.19272076372315036,0.7537866234779358
long,120,24,0,0.0,0.19272076372315036,0.7650490403175354
long,121,20,0,0.0,0.19272076372315036,0.6206436157226562
long,122,11,0,0.0,0.19272076372315036,0.6065406203269958
long,123,24,0,0.0,0.19272076372315036,0.6348112225532532
long,124,9,0,0.0,0.19272076372315036,0.524145245552063
long,125,22,4,0.18181818181818182,0.19272076372315036,0.7976667881011963
long,126,20,0,0.0,0.19272076372315036,0.6095653772354126
long,127,19,0,0.0,0.19272076372315036,0.7519877552986145
long,128,7,0,0.0,0.19272076372315036,0.6608754396438599
long,129,17,2,0.11764705882352941,0.19272076372315036,0.558517336845398
long,130,6,1,0.16666666666666666,0.19272076372315036,0.6198340058326721
long,131,21,0,0.0,0.19272076372315036,0.7360199689865112
long,132,5,2,0.4,0.19272076372315036,0.6798585653305054
long,133,23,0,0.0,0.19272076372315036,0.5807134509086609
long,134,9,1,0.1111111111111111,0.19272076372315036,0.7271707653999329
long,135,6,0,0.0,0.19272076372315036,0.5699343681335449
long,136,27,1,0.037037037037037035,0.19272076372315036,0.6009745001792908
long,137,7,1,0.14285714285714285,0.19272076372315036,0.8548848628997803
long,138,14,1,0.07142857142857142,0.19272076372315036,0.6995779871940613
long,139,12,1,0.08333333333333333,0.19272076372315036,0.545833945274353
long,140,9,3,0.3333333333333333,0.19272076372315036,0.8676475286483765
long,141,9,0,0.0,0.19272076372315036,0.5844520926475525
long,142,22,3,0.13636363636363635,0.19272076372315036,0.8178374171257019
long,143,21,4,0.19047619047619047,0.19272076372315036,0.883414089679718
long,144,10,0,0.0,0.19272076372315036,0.6012848615646362
long,145,14,1,0.07142857142857142,0.19272076372315036,0.7386934161186218
long,146,21,0,0.0,0.19272076372315036,0.7285221219062805
long,147,8,0,0.0,0.19272076372315036,0.6289365291595459
long,148,20,0,0.0,0.19272076372315036,0.6181429624557495
long,149,14,2,0.14285714285714285,0.19272076372315036,0.8603804707527161
long,150,6,0,0.0,0.19272076372315036,0.5877573490142822
long,151,9,0,0.0,0.19272076372315036,0.6868913769721985
long,152,15,1,0.06666666666666667,0.19272076372315036,0.6893418431282043
long,153,7,1,0.14285714285714285,0.19272076372315036,0.8595583438873291
long,154,22,0,0.0,0.19272076372315036,0.7160211205482483
long,155,15,0,0.0,0.19272076372315036,0.7386653423309326
long,156,23,0,0.0,0.19272076372315036,0.8553162813186646
long,157,6,0,0.0,0.19272076372315036,0.7269172668457031
long,158,21,0,0.0,0.19272076372315036,0.6780494451522827
long,159,22,0,0.0,0.19272076372315036,0.6043299436569214
long,160,22,1,0.045454545454545456,0.19272076372315036,0.7539359927177429
long,161,22,1,0.045454545454545456,0.19272076372315036,0.6374102830886841
long,162,9,0,0.0,0.19272076372315036,0.6587510108947754
long,163,10,1,0.1,0.19272076372315036,0.6265822649002075
long,164,10,0,0.0,0.19272076372315036,0.6446554660797119
long,165,15,0,0.0,0.19272076372315036,0.7331265211105347
long,166,7,1,0.14285714285714285,0.19272076372315036,0.6415956020355225
long,167,17,2,0.11764705882352941,0.19272076372315036,0.6042335033416748
long,168,18,0,0.0,0.19272076372315036,0.6010298728942871
long,169,24,0,0.0,0.19272076372315036,0.561882734298706
long,170,18,1,0.05555555555555555,0.19272076372315036,0.572938084602356
long,171,5,1,0.2,0.19272076372315036,0.5180152058601379
long,172,24,0,0.0,0.19272076372315036,0.7102217078208923
long,173,29,0,0.0,0.19272076372315036,0.583844780921936
long,174,13,0,0.0,0.19272076372315036,0.7097883224487305
long,175,21,0,0.0,0.19272076372315036,0.6651017665863037
long,176,8,0,0.0,0.19272076372315036,0.7207326889038086
long,177,20,0,0.0,0.19272076372315036,0.827552080154419
long,178,12,1,0.08333333333333333,0.19272076372315036,0.8497157096862793
long,179,25,1,0.04,0.19272076372315036,0.7369797229766846
long,180,7,1,0.14285714285714285,0.19272076372315036,0.7094947099685669
long,181,12,1,0.08333333333333333,0.19272076372315036,0.5861005187034607
long,182,21,0,0.0,0.19272076372315036,0.661507785320282
long,183,16,2,0.125,0.19272076372315036,0.6739916801452637
long,184,11,0,0.0,0.19272076372315036,0.7851611375808716
long,185,25,0,0.0,0.19272076372315036,0.5622808337211609
long,186,16,5,0.3125,0.19272076372315036,0.6106728315353394
long,187,18,4,0.2222222222222222,0.19272076372315036,0.7520934343338013
long,188,22,1,0.045454545454545456,0.19272076372315036,0.6247913837432861
long,189,21,4,0.19047619047619047,0.19272076372315036,0.6096512079238892
long,190,15,0,0.0,0.19272076372315036,0.6784859895706177
long,191,17,0,0.0,0.19272076372315036,0.7617669105529785
long,192,24,1,0.041666666666666664,0.19272076372315036,0.6291712522506714
long,193,12,1,0.08333333333333333,0.19272076372315036,0.5730546712875366
long,194,21,1,0.047619047619047616,0.19272076372315036,0.7368170619010925
long,195,15,0,0.0,0.19272076372315036,0.8582395315170288
long,196,18,0,0.0,0.19272076372315036,0.6246274709701538
long,197,14,0,0.0,0.19272076372315036,0.5983760356903076
long,198,5,0,0.0,0.19272076372315036,0.6130553483963013
long,199,10,0,0.0,0.19272076372315036,0.5756243467330933
long,200,20,0,0.0,0.19272076372315036,0.5300389528274536
long,201,24,0,0.0,0.19272076372315036,0.5894789695739746
long,202,7,0,0.0,0.19272076372315036,0.7832905054092407
long,203,12,0,0.0,0.19272076372315036,0.6070138812065125
long,204,19,0,0.0,0.19272076372315036,0.6215000152587891
long,205,25,1,0.04,0.19272076372315036,0.6105986833572388
long,206,8,0,0.0,0.19272076372315036,0.7516467571258545
long,207,16,2,0.125,0.19272076372315036,0.6146425008773804
long,208,14,1,0.07142857142857142,0.19272076372315036,0.6779850721359253
long,209,14,0,0.0,0.19272076372315036,0.7906991839408875
long,210,27,2,0.07407407407407407,0.19272076372315036,0.7063981890678406
long,211,23,1,0.043478260869565216,0.19272076372315036,0.7180495262145996
long,212,19,3,0.15789473684210525,0.19272076372315036,0.662623405456543
long,213,17,1,0.058823529411764705,0.19272076372315036,0.6159696578979492
long,214,10,1,0.1,0.19272076372315036,0.6654980182647705
long,215,23,0,0.0,0.19272076372315036,0.48486632108688354
long,216,16,1,0.0625,0.19272076372315036,0.6168326139450073
long,217,17,1,0.058823529411764705,0.19272076372315036,0.5489476323127747
long,218,12,0,0.0,0.19272076372315036,0.6407373547554016
long,219,24,0,0.0,0.19272076372315036,0.5311126112937927
long,220,18,4,0.2222222222222222,0.19272076372315036,0.6331568360328674
long,221,13,0,0.0,0.19272076372315036,0.5774041414260864
long,222,15,1,0.06666666666666667,0.19272076372315036,0.8459041118621826
long,223,6,0,0.0,0.19272076372315036,0.7045669555664062
long,224,26,0,0.0,0.19272076372315036,0.5489127039909363
long,225,11,2,0.18181818181818182,0.19272076372315036,0.7469015121459961
long,226,12,4,0.3333333333333333,0.19272076372315036,0.6288672685623169
long,227,26,0,0.0,0.19272076372315036,0.7713454365730286
long,228,11,0,0.0,0.19272076372315036,0.6392199993133545
long,229,13,0,0.0,0.19272076372315036,0.6644847393035889
long,230,9,1,0.1111111111111111,0.19272076372315036,0.6781091690063477
long,231,9,0,0.0,0.19272076372315036,0.5949211120605469
long,232,14,0,0.0,0.19272076372315036,0.7779658436775208
long,233,13,0,0.0,0.19272076372315036,0.7021667957305908
long,234,28,0,0.0,0.19272076372315036,0.6116008758544922
long,235,7,0,0.0,0.19272076372315036,0.6560914516448975
long,236,20,2,0.1,0.19272076372315036,0.5310181379318237
long,237,22,0,0.0,0.19272076372315036,0.6874318718910217
long,238,22,1,0.045454545454545456,0.19272076372315036,0.509217381477356
long,239,19,0,0.0,0.19272076372315036,0.8209869861602783
long,240,26,0,0.0,0.19272076372315036,0.6262414455413818
long,241,5,0,0.0,0.19272076372315036,0.6035842895507812
long,242,10,0,0.0,0.19272076372315036,0.6572757959365845
long,243,19,0,0.0,0.19272076372315036,0.5443739891052246
long,244,21,1,0.047619047619047616,0.19272076372315036,0.6881362199783325
long,245,12,0,0.0,0.19272076372315036,0.7594088315963745
long,246,18,0,0.0,0.19272076372315036,0.7766776084899902
long,247,22,0,0.0,0.19272076372315036,0.8449269533157349
long,248,9,0,0.0,0.19272076372315036,0.7396589517593384
long,249,5,0,0.0,0.19272076372315036,0.7389448881149292
long,250,10,0,0.0,0.19272076372315036,0.6394599676132202
long,251,7,1,0.14285714285714285,0.19272076372315036,0.8130661249160767
long,252,9,0,0.0,0.19272076372315036,0.691088855266571
long,253,26,2,0.07692307692307693,0.19272076372315036,0.7909442782402039
long,254,18,3,0.16666666666666666,0.19272076372315036,0.673011064529419
long,255,13,0,0.0,0.19272076372315036,0.5645470023155212
long,256,11,2,0.18181818181818182,0.19272076372315036,0.6356527805328369
long,257,10,0,0.0,0.19272076372315036,0.7470300197601318
long,258,19,1,0.05263157894736842,0.19272076372315036,0.6993345022201538
long,259,22,0,0.0,0.19272076372315036,0.559126615524292
long,260,21,1,0.047619047619047616,0.19272076372315036,0.578389048576355
long,261,8,0,0.0,0.19272076372315036,0.5409427881240845
long,262,21,0,0.0,0.19272076372315036,0.6517226099967957
long,263,19,3,0.15789473684210525,0.19272076372315036,0.7795574069023132
long,264,14,2,0.14285714285714285,0.19272076372315036,0.6291682720184326
long,265,15,0,0.0,0.19272076372315036,0.8052009344100952
long,266,29,2,0.06896551724137931,0.19272076372315036,0.748084545135498
long,267,26,0,0.0,0.19272076372315036,0.4386473298072815
long,268,11,0,0.0,0.19272076372315036,0.49227744340896606
long,269,4,1,0.25,0.19272076372315036,0.5768404603004456
long,270,19,3,0.15789473684210525,0.19272076372315036,0.8450640439987183
long,271,14,0,0.0,0.19272076372315036,0.7973924875259399
long,272,19,1,0.05263157894736842,0.19272076372315036,0.6400205492973328
long,273,19,0,0.0,0.19272076372315036,0.7423946857452393
long,274,14,0,0.0,0.19272076372315036,0.659945547580719
long,275,18,0,0.0,0.19272076372315036,0.6248235702514648
long,276,22,1,0.045454545454545456,0.19272076372315036,0.5759285688400269
long,277,14,1,0.07142857142857142,0.19272076372315036,0.5627668499946594
long,278,20,0,0.0,0.19272076372315036,0.5669815540313721
long,279,19,1,0.05263157894736842,0.19272076372315036,0.7675785422325134
long,280,25,1,0.04,0.19272076372315036,0.6299241781234741
long,281,21,2,0.09523809523809523,0.19272076372315036,0.6439404487609863
long,282,17,2,0.11764705882352941,0.19272076372315036,0.7120712995529175
long,283,14,2,0.14285714285714285,0.19272076372315036,0.7449223399162292
long,284,20,0,0.0,0.19272076372315036,0.5801341533660889
long,285,23,6,0.2608695652173913,0.19272076372315036,0.7785704731941223
long,286,29,0,0.0,0.19272076372315036,0.8326236009597778
long,287,20,0,0.0,0.19272076372315036,0.659753143787384
long,288,20,2,0.1,0.19272076372315036,0.773559033870697
long,289,15,0,0.0,0.19272076372315036,0.5499578714370728
long,290,10,0,0.0,0.19272076372315036,0.5857216715812683
long,291,21,1,0.047619047619047616,0.19272076372315036,0.8328821063041687
long,292,18,0,0.0,0.19272076372315036,0.677210807800293
long,293,14,0,0.0,0.19272076372315036,0.5918760895729065
long,294,18,0,0.0,0.19272076372315036,0.5808404684066772
long,295,9,0,0.0,0.19272076372315036,0.6064785718917847
long,296,6,0,0.0,0.19272076372315036,0.527719259262085
long,297,29,1,0.034482758620689655,0.19272076372315036,0.7843831777572632
long,298,8,0,0.0,0.19272076372315036,0.6487284898757935
long,299,24,2,0.08333333333333333,0.19272076372315036,0.6140358448028564
long,300,18,2,0.1111111111111111,0.19272076372315036,0.5704032778739929
long,301,17,0,0.0,0.19272076372315036,0.8259762525558472
long,302,26,0,0.0,0.19272076372315036,0.8613980412483215
long,303,21,1,0.047619047619047616,0.19272076372315036,0.7990520000457764
long,304,15,1,0.06666666666666667,0.19272076372315036,0.5576441287994385
long,305,18,0,0.0,0.19272076372315036,0.7589592933654785
long,306,16,0,0.0,0.19272076372315036,0.5208621025085449
long,307,27,2,0.07407407407407407,0.19272076372315036,0.8017838001251221
long,308,4,0,0.0,0.19272076372315036,0.6943776607513428
long,309,16,0,0.0,0.19272076372315036,0.5626537203788757
long,310,14,0,0.0,0.19272076372315036,0.6465319395065308
long,311,5,1,0.2,0.19272076372315036,0.6456272602081299
long,312,22,0,0.0,0.19272076372315036,0.6758112907409668
long,313,22,0,0.0,0.19272076372315036,0.7756097912788391
long,314,17,3,0.17647058823529413,0.19272076372315036,0.8650186061859131
long,315,8,1,0.125,0.19272076372315036,0.6025060415267944
long,316,14,3,0.21428571428571427,0.19272076372315036,0.8845052719116211
long,317,27,1,0.037037037037037035,0.19272076372315036,0.49159711599349976
long,318,7,0,0.0,0.19272076372315036,0.6105023622512817
long,319,13,3,0.23076923076923078,0.19272076372315036,0.8067388534545898
long,320,25,1,0.04,0.19272076372315036,0.5966521501541138
long,321,14,1,0.07142857142857142,0.19272076372315036,0.6627931594848633
long,322,11,0,0.0,0.19272076372315036,0.7027733325958252
long,323,21,1,0.047619047619047616,0.19272076372315036,0.4773348569869995
long,324,10,0,0.0,0.19272076372315036,0.6162232756614685
long,325,21,1,0.047619047619047616,0.19272076372315036,0.7166661024093628
long,326,8,2,0.25,0.19272076372315036,0.6908682584762573
long,327,16,0,0.0,0.19272076372315036,0.7313857674598694
long,328,17,1,0.058823529411764705,0.19272076372315036,0.7702124118804932
long,329,19,0,0.0,0.19272076372315036,0.7306382656097412
long,330,12,0,0.0,0.19272076372315036,0.5548994541168213
long,331,7,0,0.0,0.19272076372315036,0.7505636811256409
long,332,22,5,0.22727272727272727,0.19272076372315036,0.6472693681716919
long,333,21,0,0.0,0.19272076372315036,0.6294458508491516
long,334,17,2,0.11764705882352941,0.19272076372315036,0.6515820622444153
long,335,24,1,0.041666666666666664,0.19272076372315036,0.6680045127868652
long,336,6,1,0.16666666666666666,0.19272076372315036,0.8031587600708008
long,337,14,2,0.14285714285714285,0.19272076372315036,0.6865018606185913
long,338,17,0,0.0,0.19272076372315036,0.5739026665687561
long,339,11,2,0.18181818181818182,0.19272076372315036,0.6057689189910889
long,340,13,1,0.07692307692307693,0.19272076372315036,0.6036102771759033
long,341,27,1,0.037037037037037035,0.19272076372315036,0.5779463052749634
long,342,19,2,0.10526315789473684,0.19272076372315036,0.68645179271698
long,343,7,0,0.0,0.19272076372315036,0.6761007308959961
long,344,12,1,0.08333333333333333,0.19272076372315036,0.7819111943244934
long,345,12,1,0.08333333333333333,0.19272076372315036,0.5719183683395386
long,346,10,1,0.1,0.19272076372315036,0.5865663290023804
long,347,17,0,0.0,0.19272076372315036,0.6392884254455566
long,348,13,2,0.15384615384615385,0.19272076372315036,0.5467013120651245
long,349,6,0,0.0,0.19272076372315036,0.6831855177879333
long,350,22,0,0.0,0.19272076372315036,0.6367095708847046
long,351,19,1,0.05263157894736842,0.19272076372315036,0.5331183671951294
long,352,20,2,0.1,0.19272076372315036,0.8815290927886963
long,353,23,1,0.043478260869565216,0.19272076372315036,0.7474827766418457
long,354,23,2,0.08695652173913043,0.19272076372315036,0.652375340461731
long,355,21,1,0.047619047619047616,0.19272076372315036,0.795426607131958
long,356,14,1,0.07142857142857142,0.19272076372315036,0.7569811344146729
long,357,15,0,0.0,0.19272076372315036,0.6015536785125732
long,358,6,0,0.0,0.19272076372315036,0.7118719816207886
long,359,13,0,0.0,0.19272076372315036,0.5675204396247864
long,360,15,1,0.06666666666666667,0.19272076372315036,0.936963677406311
long,361,21,3,0.14285714285714285,0.19272076372315036,0.8288273215293884
long,362,6,0,0.0,0.19272076372315036,0.8003627061843872
long,363,24,2,0.08333333333333333,0.19272076372315036,0.6552422642707825
long,364,13,0,0.0,0.19272076372315036,0.7180675864219666
long,365,16,0,0.0,0.19272076372315036,0.5825096964836121
long,366,16,1,0.0625,0.19272076372315036,0.8152076005935669
long,367,17,1,0.058823529411764705,0.19272076372315036,0.8731982707977295
long,368,19,1,0.05263157894736842,0.19272076372315036,0.7590446472167969
long,369,5,0,0.0,0.19272076372315036,0.6808162927627563
long,370,16,1,0.0625,0.19272076372315036,0.5750074982643127
long,371,9,0,0.0,0.19272076372315036,0.6722643375396729
long,372,10,0,0.0,0.19272076372315036,0.6087526082992554
long,373,17,1,0.058823529411764705,0.19272076372315036,0.7762808799743652
long,374,25,4,0.16,0.19272076372315036,0.8245043158531189
long,375,9,0,0.0,0.19272076372315036,0.5141263008117676
long,376,13,1,0.07692307692307693,0.19272076372315036,0.5568029880523682
long,377,8,2,0.25,0.19272076372315036,0.6611661911010742
long,378,14,1,0.07142857142857142,0.19272076372315036,0.6415444612503052
long,379,17,0,0.0,0.19272076372315036,0.5322216153144836
long,380,17,2,0.11764705882352941,0.19272076372315036,0.7191960215568542
long,381,11,1,0.09090909090909091,0.19272076372315036,0.6540155410766602
long,382,11,0,0.0,0.19272076372315036,0.7420705556869507
long,383,17,1,0.058823529411764705,0.19272076372315036,0.5862373113632202
long,384,15,0,0.0,0.19272076372315036,0.6643466949462891
long,385,19,1,0.05263157894736842,0.19272076372315036,0.6654397249221802
long,386,15,0,0.0,0.19272076372315036,0.7940592765808105
long,387,24,0,0.0,0.19272076372315036,0.6392858028411865
long,388,23,0,0.0,0.19272076372315036,0.6667682528495789
long,389,15,2,0.13333333333333333,0.19272076372315036,0.6910297870635986
long,390,6,1,0.16666666666666666,0.19272076372315036,0.6346598863601685
long,391,18,0,0.0,0.19272076372315036,0.5909286737442017
long,392,9,0,0.0,0.19272076372315036,0.6228501796722412
long,393,13,2,0.15384615384615385,0.19272076372315036,0.6898725032806396
long,394,19,0,0.0,0.19272076372315036,0.4696677327156067
long,395,11,2,0.18181818181818182,0.19272076372315036,0.6488525867462158
long,396,21,3,0.14285714285714285,0.19272076372315036,0.7016783952713013
long,397,16,0,0.0,0.19272076372315036,0.8164141178131104
long,398,19,0,0.0,0.19272076372315036,0.5508546829223633
long,399,13,0,0.0,0.19272076372315036,0.6750298738479614
long,400,12,0,0.0,0.19272076372315036,0.8131434917449951
long,401,16,0,0.0,0.19272076372315036,0.761781632900238
long,402,14,0,0.0,0.19272076372315036,0.6878032684326172
long,403,19,1,0.05263157894736842,0.19272076372315036,0.5532090663909912
long,404,21,2,0.09523809523809523,0.19272076372315036,0.6089773774147034
long,405,16,1,0.0625,0.19272076372315036,0.65968918800354
long,406,11,2,0.18181818181818182,0.19272076372315036,0.728406548500061
long,407,9,0,0.0,0.19272076372315036,0.5717578530311584
long,408,11,0,0.0,0.19272076372315036,0.6624515056610107
long,409,16,1,0.0625,0.19272076372315036,0.809077262878418
long,410,16,0,0.0,0.19272076372315036,0.590156078338623
long,411,11,0,0.0,0.19272076372315036,0.58815598487854
long,412,21,1,0.047619047619047616,0.19272076372315036,0.5762330889701843
long,413,18,1,0.05555555555555555,0.19272076372315036,0.5083696842193604
long,414,18,0,0.0,0.19272076372315036,0.6343377828598022
long,415,6,0,0.0,0.19272076372315036,0.6112346053123474
long,416,19,0,0.0,0.19272076372315036,0.6703423261642456
long,417,23,0,0.0,0.19272076372315036,0.7812627553939819
long,418,8,0,0.0,0.19272076372315036,0.7534154057502747
long,419,12,0,0.0,0.19272076372315036,0.8631144762039185
long,420,10,3,0.3,0.19272076372315036,0.6182786226272583
long,421,24,1,0.041666666666666664,0.19272076372315036,0.6697050929069519
long,422,20,1,0.05,0.19272076372315036,0.6075049638748169
long,423,22,7,0.3181818181818182,0.19272076372315036,0.6526812314987183
long,424,12,1,0.08333333333333333,0.19272076372315036,0.7365621328353882
long,425,22,0,0.0,0.19272076372315036,0.692192018032074
long,426,19,0,0.0,0.19272076372315036,0.5024387836456299
long,427,10,0,0.0,0.19272076372315036,0.5120600461959839
long,428,6,0,0.0,0.19272076372315036,0.7571554183959961
long,429,17,1,0.058823529411764705,0.19272076372315036,0.48483455181121826
long,430,17,1,0.058823529411764705,0.19272076372315036,0.6799644231796265
long,431,27,0,0.0,0.19272076372315036,0.6313154101371765
long,432,20,1,0.05,0.19272076372315036,0.6842646598815918
long,433,22,0,0.0,0.19272076372315036,0.5394420623779297
long,434,7,0,0.0,0.19272076372315036,0.6557710766792297
long,435,23,0,0.0,0.19272076372315036,0.6681772470474243
long,436,18,0,0.0,0.19272076372315036,0.49557334184646606
long,437,13,3,0.23076923076923078,0.19272076372315036,0.6048792600631714
long,438,8,0,0.0,0.19272076372315036,0.5125185251235962
long,439,12,0,0.0,0.19272076372315036,0.6383317708969116
long,440,7,0,0.0,0.19272076372315036,0.7889096736907959
long,441,11,0,0.0,0.19272076372315036,0.5977613925933838
long,442,9,0,0.0,0.19272076372315036,0.5940982103347778
long,443,6,1,0.16666666666666666,0.19272076372315036,0.65821772813797
long,444,10,1,0.1,0.19272076372315036,0.7074391841888428
long,445,16,1,0.0625,0.19272076372315036,0.5512477159500122
long,446,8,0,0.0,0.19272076372315036,0.7389962077140808
long,447,17,0,0.0,0.19272076372315036,0.5607708692550659
long,448,10,0,0.0,0.19272076372315036,0.6843703985214233
long,449,11,0,0.0,0.19272076372315036,0.5885055065155029
long,450,14,1,0.07142857142857142,0.19272076372315036,0.559032678604126
long,451,7,0,0.0,0.19272076372315036,0.5996118783950806
long,452,29,0,0.0,0.19272076372315036,0.7013767957687378
long,453,12,2,0.16666666666666666,0.19272076372315036,0.8454705476760864
long,454,12,1,0.08333333333333333,0.19272076372315036,0.7554875016212463
long,455,14,1,0.07142857142857142,0.19272076372315036,0.8579355478286743
long,456,18,0,0.0,0.19272076372315036,0.5412498712539673
long,457,5,0,0.0,0.19272076372315036,0.7470475435256958
long,458,17,0,0.0,0.19272076372315036,0.6116287708282471
long,459,15,1,0.06666666666666667,0.19272076372315036,0.719620943069458
long,460,20,0,0.0,0.19272076372315036,0.7360630035400391
long,461,16,1,0.0625,0.19272076372315036,0.7104217410087585
long,462,15,1,0.06666666666666667,0.19272076372315036,0.7849024534225464
long,463,25,5,0.2,0.19272076372315036,0.6867274045944214
long,464,6,0,0.0,0.19272076372315036,0.7662420272827148
long,465,17,1,0.058823529411764705,0.19272076372315036,0.580473780632019
long,466,6,1,0.16666666666666666,0.19272076372315036,0.7392376661300659
long,467,10,0,0.0,0.19272076372315036,0.6646847128868103
long,468,7,0,0.0,0.19272076372315036,0.5571240782737732
long,469,9,1,0.1111111111111111,0.19272076372315036,0.727847695350647
long,470,15,0,0.0,0.19272076372315036,0.7731255292892456
long,471,18,1,0.05555555555555555,0.19272076372315036,0.9578573107719421
long,472,14,1,0.07142857142857142,0.19272076372315036,0.5900194644927979
long,473,20,1,0.05,0.19272076372315036,0.6490975618362427
long,474,14,0,0.0,0.19272076372315036,0.6765238046646118
long,475,23,1,0.043478260869565216,0.19272076372315036,0.7888507843017578
long,476,20,4,0.2,0.19272076372315036,0.6564635634422302
long,477,17,2,0.11764705882352941,0.19272076372315036,0.7402796745300293
long,478,17,4,0.23529411764705882,0.19272076372315036,0.6688965559005737
long,479,22,2,0.09090909090909091,0.19272076372315036,0.9199195504188538
long,480,14,0,0.0,0.19272076372315036,0.784989595413208
long,481,6,0,0.0,0.19272076372315036,0.8059172630310059
long,482,22,3,0.13636363636363635,0.19272076372315036,0.6940038204193115
long,483,17,1,0.058823529411764705,0.19272076372315036,0.656503438949585
long,484,16,1,0.0625,0.19272076372315036,0.5952088832855225
long,485,11,1,0.09090909090909091,0.19272076372315036,0.7610925436019897
long,486,15,0,0.0,0.19272076372315036,0.6863299608230591
long,487,26,0,0.0,0.19272076372315036,0.6980243921279907
long,488,15,1,0.06666666666666667,0.19272076372315036,0.7773756980895996
long,489,23,0,0.0,0.19272076372315036,0.6066063642501831
long,490,13,1,0.07692307692307693,0.19272076372315036,0.8569650053977966
long,491,22,1,0.045454545454545456,0.19272076372315036,0.7926123142242432
long,492,21,1,0.047619047619047616,0.19272076372315036,0.45093417167663574
long,493,17,1,0.058823529411764705,0.19272076372315036,0.8430089950561523
long,494,8,0,0.0,0.19272076372315036,0.645248532295227
long,495,17,0,0.0,0.19272076372315036,0.5806311964988708
long,496,31,0,0.0,0.19272076372315036,0.5609620809555054
long,497,20,6,0.3,0.19272076372315036,0.6829412579536438
long,498,13,0,0.0,0.19272076372315036,0.8649848699569702
long,499,16,1,0.0625,0.19272076372315036,0.6055454015731812
long,500,20,0,0.0,0.19272076372315036,0.5971547961235046
long,501,29,0,0.0,0.19272076372315036,0.7437770366668701
long,502,16,0,0.0,0.19272076372315036,0.7358771562576294
long,503,11,0,0.0,0.19272076372315036,0.6999416351318359
long,504,26,0,0.0,0.19272076372315036,0.6310327649116516
long,505,19,1,0.05263157894736842,0.19272076372315036,0.6576961278915405
long,506,14,0,0.0,0.19272076372315036,0.618597686290741
long,507,20,0,0.0,0.19272076372315036,0.845899224281311
long,508,16,0,0.0,0.19272076372315036,0.817594587802887
long,509,16,0,0.0,0.19272076372315036,0.6795235872268677
long,510,13,0,0.0,0.19272076372315036,0.9084908366203308
long,511,24,0,0.0,0.19272076372315036,0.6659550070762634
long,512,19,1,0.05263157894736842,0.19272076372315036,0.7386455535888672
long,513,10,0,0.0,0.19272076372315036,0.7990353107452393
long,514,19,1,0.05263157894736842,0.19272076372315036,0.6215139627456665
long,515,13,1,0.07692307692307693,0.19272076372315036,0.5098810195922852
long,516,13,0,0.0,0.19272076372315036,0.6816455125808716
long,517,4,0,0.0,0.19272076372315036,0.7720001339912415
long,518,18,1,0.05555555555555555,0.19272076372315036,0.7071617841720581
long,519,26,0,0.0,0.19272076372315036,0.6293344497680664
long,520,18,2,0.1111111111111111,0.19272076372315036,0.5848521590232849
long,521,23,2,0.08695652173913043,0.19272076372315036,0.5727003216743469
long,522,13,1,0.07692307692307693,0.19272076372315036,0.8272200226783752
long,523,10,0,0.0,0.19272076372315036,0.7259565591812134
long,524,5,3,0.6,0.19272076372315036,0.745350182056427
long,525,8,2,0.25,0.19272076372315036,0.8385322093963623
long,526,25,1,0.04,0.19272076372315036,0.8507308959960938
long,527,25,1,0.04,0.19272076372315036,0.6682577729225159
long,528,25,2,0.08,0.19272076372315036,0.5313388109207153
long,529,21,0,0.0,0.19272076372315036,0.7575843334197998
long,530,17,7,0.4117647058823529,0.19272076372315036,0.5965307950973511
long,531,22,1,0.045454545454545456,0.19272076372315036,0.7963128685951233
long,532,11,0,0.0,0.19272076372315036,0.6698201894760132
long,533,25,2,0.08,0.19272076372315036,0.6667059659957886
long,534,14,0,0.0,0.19272076372315036,0.7196304202079773
long,535,21,4,0.19047619047619047,0.19272076372315036,0.7791367769241333
long,536,28,0,0.0,0.19272076372315036,0.6006858348846436
long,537,17,3,0.17647058823529413,0.19272076372315036,0.7524486780166626
long,538,17,2,0.11764705882352941,0.19272076372315036,0.753428041934967
long,539,20,0,0.0,0.19272076372315036,0.7964048385620117
long,540,25,0,0.0,0.19272076372315036,0.6953359842300415
long,541,5,2,0.4,0.19272076372315036,0.6775205135345459
long,542,19,0,0.0,0.19272076372315036,0.7392945289611816
long,543,12,1,0.08333333333333333,0.19272076372315036,0.7898865938186646
long,544,13,1,0.07692307692307693,0.19272076372315036,0.6326707601547241
long,545,20,0,0.0,0.19272076372315036,0.6169618368148804
long,546,17,0,0.0,0.19272076372315036,0.5834540724754333
long,547,28,0,0.0,0.19272076372315036,0.5962973833084106
long,548,19,0,0.0,0.19272076372315036,0.7986137866973877
long,549,20,0,0.0,0.19272076372315036,0.7306519746780396
long,550,13,4,0.3076923076923077,0.19272076372315036,0.8826982378959656
long,551,20,0,0.0,0.19272076372315036,0.6041878461837769
long,552,11,5,0.45454545454545453,0.19272076372315036,0.7282000780105591
long,553,7,0,0.0,0.19272076372315036,0.5456247329711914
long,554,25,4,0.16,0.19272076372315036,0.8189016580581665
long,555,7,0,0.0,0.19272076372315036,0.542382001876831
long,556,11,0,0.0,0.19272076372315036,0.6723730564117432
long,557,23,2,0.08695652173913043,0.19272076372315036,0.6558742523193359
long,558,24,1,0.041666666666666664,0.19272076372315036,0.8060212731361389
long,559,20,0,0.0,0.19272076372315036,0.7560796141624451
long,560,21,2,0.09523809523809523,0.19272076372315036,0.6895939111709595
long,561,21,2,0.09523809523809523,0.19272076372315036,0.756567120552063
long,562,24,2,0.08333333333333333,0.19272076372315036,0.7992088198661804
long,563,9,0,0.0,0.19272076372315036,0.7511401176452637
long,564,11,1,0.09090909090909091,0.19272076372315036,0.6781806945800781
long,565,14,1,0.07142857142857142,0.19272076372315036,0.8336412906646729
long,566,20,1,0.05,0.19272076372315036,0.6085591316223145
long,567,22,1,0.045454545454545456,0.19272076372315036,0.7706372141838074
long,568,20,3,0.15,0.19272076372315036,0.7666308879852295
long,569,7,0,0.0,0.19272076372315036,0.7459326982498169
long,570,17,0,0.0,0.19272076372315036,0.7732452154159546
long,571,8,2,0.25,0.19272076372315036,0.6352314949035645
long,572,24,3,0.125,0.19272076372315036,0.7176312208175659
long,573,27,0,0.0,0.19272076372315036,0.6553475856781006
long,574,29,0,0.0,0.19272076372315036,0.7014487981796265
long,575,14,0,0.0,0.19272076372315036,0.8000746369361877
long,576,11,0,0.0,0.19272076372315036,0.6587036848068237
long,577,26,3,0.11538461538461539,0.19272076372315036,0.6940335631370544
long,578,6,0,0.0,0.19272076372315036,0.6880636215209961
long,579,14,1,0.07142857142857142,0.19272076372315036,0.7818431854248047
long,580,11,0,0.0,0.19272076372315036,0.7095698118209839
long,581,20,1,0.05,0.19272076372315036,0.7631852626800537
long,582,19,1,0.05263157894736842,0.19272076372315036,0.7010355591773987
long,583,19,1,0.05263157894736842,0.19272076372315036,0.8710020780563354
long,584,18,0,0.0,0.19272076372315036,0.619086742401123
long,585,20,1,0.05,0.19272076372315036,0.6200555562973022
long,586,25,3,0.12,0.19272076372315036,0.7427269220352173
long,587,8,0,0.0,0.19272076372315036,0.6126514673233032
long,588,20,1,0.05,0.19272076372315036,0.772172212600708
long,589,13,2,0.15384615384615385,0.19272076372315036,0.7363533973693848
long,590,5,0,0.0,0.19272076372315036,0.5206030011177063
long,591,21,1,0.047619047619047616,0.19272076372315036,0.7657933235168457
long,592,29,2,0.06896551724137931,0.19272076372315036,0.672546923160553
long,593,21,0,0.0,0.19272076372315036,0.7707173824310303
long,594,7,1,0.14285714285714285,0.19272076372315036,0.6708005666732788
long,595,21,5,0.23809523809523808,0.19272076372315036,0.8355002403259277
long,596,11,0,0.0,0.19272076372315036,0.6753010749816895
long,597,20,0,0.0,0.19272076372315036,0.8154840469360352
long,598,12,1,0.08333333333333333,0.19272076372315036,0.7762284278869629
long,599,5,1,0.2,0.19272076372315036,0.86288982629776
long,600,19,1,0.05263157894736842,0.19272076372315036,0.8599256277084351
long,601,12,3,0.25,0.19272076372315036,0.7034409046173096
long,602,17,3,0.17647058823529413,0.19272076372315036,0.7460069060325623
long,603,21,2,0.09523809523809523,0.19272076372315036,0.5651841759681702
long,604,14,2,0.14285714285714285,0.19272076372315036,0.6286734342575073
long,605,21,2,0.09523809523809523,0.19272076372315036,0.7901230454444885
long,606,17,0,0.0,0.19272076372315036,0.5392878651618958
long,607,24,1,0.041666666666666664,0.19272076372315036,0.6691790819168091
long,608,18,1,0.05555555555555555,0.19272076372315036,0.6871545314788818
long,609,26,1,0.038461538461538464,0.19272076372315036,0.6403980255126953
long,610,18,2,0.1111111111111111,0.19272076372315036,0.7055549025535583
long,611,22,0,0.0,0.19272076372315036,0.8909050822257996
long,612,18,1,0.05555555555555555,0.19272076372315036,0.6648483276367188
long,613,13,0,0.0,0.19272076372315036,0.6845179796218872
long,614,20,1,0.05,0.19272076372315036,0.6818270087242126
long,615,11,0,0.0,0.19272076372315036,0.693574845790863
long,616,23,0,0.0,0.19272076372315036,0.661005973815918
long,617,7,0,0.0,0.19272076372315036,0.6884826421737671
long,618,20,0,0.0,0.19272076372315036,0.6821514368057251
long,619,17,1,0.058823529411764705,0.19272076372315036,0.6005021333694458
long,620,10,1,0.1,0.19272076372315036,0.8463568687438965
long,621,5,1,0.2,0.19272076372315036,0.554599404335022
long,622,29,1,0.034482758620689655,0.19272076372315036,0.8375941514968872
long,623,14,1,0.07142857142857142,0.19272076372315036,0.6577421426773071
long,624,28,1,0.03571428571428571,0.19272076372315036,0.8923845291137695
long,625,10,0,0.0,0.19272076372315036,0.5589228868484497
long,626,9,0,0.0,0.19272076372315036,0.5515397787094116
long,627,9,0,0.0,0.19272076372315036,0.5424512028694153
long,628,11,0,0.0,0.19272076372315036,0.5820983648300171
long,629,10,0,0.0,0.19272076372315036,0.6488773822784424
long,630,20,2,0.1,0.19272076372315036,0.5474797487258911
long,631,21,0,0.0,0.19272076372315036,0.5808948278427124
long,632,21,0,0.0,0.19272076372315036,0.586458146572113
long,633,19,0,0.0,0.19272076372315036,0.6323237419128418
long,634,8,1,0.125,0.19272076372315036,0.6554538011550903
long,635,11,0,0.0,0.19272076372315036,0.8551346659660339
long,636,22,0,0.0,0.19272076372315036,0.5497030019760132
long,637,26,0,0.0,0.19272076372315036,0.8093428611755371
long,638,20,1,0.05,0.19272076372315036,0.6580902338027954
long,639,19,4,0.21052631578947367,0.19272076372315036,0.9393932223320007
long,640,19,1,0.05263157894736842,0.19272076372315036,0.5877703428268433
long,641,29,5,0.1724137931034483,0.19272076372315036,0.6779868602752686
long,642,21,1,0.047619047619047616,0.19272076372315036,0.67933589220047
long,643,23,1,0.043478260869565216,0.19272076372315036,0.7869120836257935
long,644,9,1,0.1111111111111111,0.19272076372315036,0.9029409885406494
long,645,13,0,0.0,0.19272076372315036,0.7077739238739014
long,646,24,1,0.041666666666666664,0.19272076372315036,0.8467352390289307
long,647,11,2,0.18181818181818182,0.19272076372315036,0.784412682056427
long,648,9,0,0.0,0.19272076372315036,0.6501467823982239
long,649,13,0,0.0,0.19272076372315036,0.670595109462738
long,650,22,2,0.09090909090909091,0.19272076372315036,0.8780683279037476
long,651,15,0,0.0,0.19272076372315036,0.686234712600708
long,652,11,2,0.18181818181818182,0.19272076372315036,0.6787146925926208
long,653,11,3,0.2727272727272727,0.19272076372315036,0.7562401294708252
long,654,15,0,0.0,0.19272076372315036,0.6415107846260071
long,655,19,0,0.0,0.19272076372315036,0.7560446262359619
long,656,6,0,0.0,0.19272076372315036,0.6722621917724609
long,657,5,0,0.0,0.19272076372315036,0.6500060558319092
long,658,20,2,0.1,0.19272076372315036,0.647919774055481
long,659,14,0,0.0,0.19272076372315036,0.689532995223999
long,660,9,1,0.1111111111111111,0.19272076372315036,0.6382817625999451
long,661,27,0,0.0,0.19272076372315036,0.7913736701011658
long,662,25,2,0.08,0.19272076372315036,0.5483772158622742
long,663,16,0,0.0,0.19272076372315036,0.5103990435600281
long,664,7,2,0.2857142857142857,0.19272076372315036,0.6703382730484009
long,665,22,3,0.13636363636363635,0.19272076372315036,0.7624650001525879
long,666,20,0,0.0,0.19272076372315036,0.5267583727836609
long,667,16,0,0.0,0.19272076372315036,0.7140318155288696
long,668,27,3,0.1111111111111111,0.19272076372315036,0.5777802467346191
long,669,22,0,0.0,0.19272076372315036,0.6713858842849731
long,670,12,1,0.08333333333333333,0.19272076372315036,0.5823876261711121
long,671,9,0,0.0,0.19272076372315036,0.4772719740867615
long,672,9,1,0.1111111111111111,0.19272076372315036,0.767479658126831
long,673,19,1,0.05263157894736842,0.19272076372315036,0.6875509023666382
long,674,23,0,0.0,0.19272076372315036,0.762698233127594
long,675,16,1,0.0625,0.19272076372315036,0.8245387077331543
long,676,9,1,0.1111111111111111,0.19272076372315036,0.5990898609161377
long,677,25,0,0.0,0.19272076372315036,0.6819573044776917
long,678,27,0,0.0,0.19272076372315036,0.653619647026062
long,679,9,1,0.1111111111111111,0.19272076372315036,0.6861016750335693
long,680,7,0,0.0,0.19272076372315036,0.923093318939209
long,681,9,0,0.0,0.19272076372315036,0.8199589252471924
long,682,11,2,0.18181818181818182,0.19272076372315036,0.7157859206199646
long,683,17,0,0.0,0.19272076372315036,0.7033873200416565
long,684,7,0,0.0,0.19272076372315036,0.6179707050323486
long,685,29,0,0.0,0.19272076372315036,0.6417368650436401
long,686,12,2,0.16666666666666666,0.19272076372315036,0.9517399668693542
long,687,20,0,0.0,0.19272076372315036,0.7391992807388306
long,688,21,1,0.047619047619047616,0.19272076372315036,0.8066879510879517
long,689,17,1,0.058823529411764705,0.19272076372315036,0.6567909717559814
long,690,5,0,0.0,0.19272076372315036,0.6232149600982666
long,691,13,4,0.3076923076923077,0.19272076372315036,0.6539002656936646
long,692,22,3,0.13636363636363635,0.19272076372315036,0.6286543607711792
long,693,11,1,0.09090909090909091,0.19272076372315036,0.8023025989532471
long,694,5,0,0.0,0.19272076372315036,0.4714849591255188
long,695,12,0,0.0,0.19272076372315036,0.8134972453117371
long,696,7,1,0.14285714285714285,0.19272076372315036,0.8130704760551453
long,697,25,0,0.0,0.19272076372315036,0.718705415725708
long,698,8,1,0.125,0.19272076372315036,0.48635196685791016
long,699,20,3,0.15,0.19272076372315036,0.6270269751548767
long,700,14,0,0.0,0.19272076372315036,0.5991132259368896
long,701,25,1,0.04,0.19272076372315036,0.8465134501457214
long,702,13,1,0.07692307692307693,0.19272076372315036,0.7461904287338257
long,703,20,0,0.0,0.19272076372315036,0.583753228187561
long,704,14,0,0.0,0.19272076372315036,0.6435887217521667
long,705,24,0,0.0,0.19272076372315036,0.6861644983291626
long,706,10,1,0.1,0.19272076372315036,0.79775470495224
long,707,7,1,0.14285714285714285,0.19272076372315036,0.7205280661582947
long,708,21,0,0.0,0.19272076372315036,0.764153778553009
long,709,12,0,0.0,0.19272076372315036,0.7110198736190796
long,710,23,1,0.043478260869565216,0.19272076372315036,0.6966261863708496
long,711,14,0,0.0,0.19272076372315036,0.6575006246566772
long,712,26,0,0.0,0.19272076372315036,0.6438968181610107
long,713,20,1,0.05,0.19272076372315036,0.7248359322547913
long,714,11,0,0.0,0.19272076372315036,0.7353460788726807
long,715,10,0,0.0,0.19272076372315036,0.667614758014679
long,716,14,2,0.14285714285714285,0.19272076372315036,0.6718904972076416
long,717,19,4,0.21052631578947367,0.19272076372315036,0.7849938869476318
long,718,16,0,0.0,0.19272076372315036,0.6797347664833069
long,719,17,1,0.058823529411764705,0.19272076372315036,0.5807921290397644
long,720,8,1,0.125,0.19272076372315036,0.7247586250305176
long,721,20,0,0.0,0.19272076372315036,0.6255013942718506
long,722,18,1,0.05555555555555555,0.19272076372315036,0.5181981325149536
long,723,9,0,0.0,0.19272076372315036,0.5815181732177734
long,724,19,2,0.10526315789473684,0.19272076372315036,0.7632462978363037
long,725,23,0,0.0,0.19272076372315036,0.564857006072998
long,726,6,1,0.16666666666666666,0.19272076372315036,0.5525268316268921
long,727,6,0,0.0,0.19272076372315036,0.7180306315422058
long,728,10,0,0.0,0.19272076372315036,0.7914112210273743
long,729,21,1,0.047619047619047616,0.19272076372315036,0.7316691875457764
long,730,24,1,0.041666666666666664,0.19272076372315036,0.5780845284461975
long,731,26,0,0.0,0.19272076372315036,0.7254629135131836
long,732,20,2,0.1,0.19272076372315036,0.6813350915908813
long,733,14,0,0.0,0.19272076372315036,0.7552236914634705
long,734,11,0,0.0,0.19272076372315036,0.6995934247970581
long,735,19,0,0.0,0.19272076372315036,0.4889942407608032
long,736,12,0,0.0,0.19272076372315036,0.7287024259567261
long,737,19,0,0.0,0.19272076372315036,0.803191602230072
long,738,12,2,0.16666666666666666,0.19272076372315036,0.6493691205978394
long,739,12,3,0.25,0.19272076372315036,0.8284332752227783
long,740,26,3,0.11538461538461539,0.19272076372315036,0.8602976202964783
long,741,15,0,0.0,0.19272076372315036,0.7633938789367676
long,742,24,0,0.0,0.19272076372315036,0.8455471396446228
long,743,9,0,0.0,0.19272076372315036,0.6976451277732849
long,744,22,1,0.045454545454545456,0.19272076372315036,0.6456127166748047
long,745,19,0,0.0,0.19272076372315036,0.5637173652648926
long,746,13,2,0.15384615384615385,0.19272076372315036,0.9019094109535217
long,747,10,1,0.1,0.19272076372315036,0.7135810256004333
long,748,8,1,0.125,0.19272076372315036,0.6869488954544067
long,749,16,0,0.0,0.19272076372315036,0.8496680855751038
long,750,26,2,0.07692307692307693,0.19272076372315036,0.5767271518707275
long,751,11,1,0.09090909090909091,0.19272076372315036,0.8393399119377136
long,752,26,0,0.0,0.19272076372315036,0.5638091564178467
long,753,20,1,0.05,0.19272076372315036,0.6190943121910095
long,754,11,0,0.0,0.19272076372315036,0.5976754426956177
long,755,15,1,0.06666666666666667,0.19272076372315036,0.6321426033973694
long,756,21,3,0.14285714285714285,0.19272076372315036,0.6423839330673218
long,757,6,3,0.5,0.19272076372315036,0.7796098589897156
long,758,15,0,0.0,0.19272076372315036,0.6772448420524597
long,759,22,0,0.0,0.19272076372315036,0.5376524925231934
long,760,6,1,0.16666666666666666,0.19272076372315036,0.7204476594924927
long,761,27,0,0.0,0.19272076372315036,0.7008776068687439
long,762,19,1,0.05263157894736842,0.19272076372315036,0.705815315246582
long,763,21,1,0.047619047619047616,0.19272076372315036,0.6944771409034729
long,764,24,2,0.08333333333333333,0.19272076372315036,0.8440750241279602
long,765,22,3,0.13636363636363635,0.19272076372315036,0.5933825373649597
long,766,19,0,0.0,0.19272076372315036,0.6770155429840088
long,767,21,0,0.0,0.19272076372315036,0.7387192249298096
long,768,14,1,0.07142857142857142,0.19272076372315036,0.7172574996948242
long,769,20,0,0.0,0.19272076372315036,0.7374030947685242
long,770,23,2,0.08695652173913043,0.19272076372315036,0.5983827114105225
long,771,9,1,0.1111111111111111,0.19272076372315036,0.8005346655845642
long,772,14,0,0.0,0.19272076372315036,0.6172887682914734
long,773,15,1,0.06666666666666667,0.19272076372315036,0.7166037559509277
long,774,22,3,0.13636363636363635,0.19272076372315036,0.5666463375091553
long,775,23,0,0.0,0.19272076372315036,0.7069767713546753
long,776,7,0,0.0,0.19272076372315036,0.7858854532241821
long,777,7,0,0.0,0.19272076372315036,0.6916780471801758
long,778,23,3,0.13043478260869565,0.19272076372315036,0.856236457824707
long,779,10,1,0.1,0.19272076372315036,0.6437700986862183
long,780,14,1,0.07142857142857142,0.19272076372315036,0.6488357186317444
long,781,22,0,0.0,0.19272076372315036,0.7183864712715149
long,782,6,2,0.3333333333333333,0.19272076372315036,0.5957378149032593
long,783,23,2,0.08695652173913043,0.19272076372315036,0.8697187304496765
long,784,18,0,0.0,0.19272076372315036,0.5494142770767212
long,785,12,1,0.08333333333333333,0.19272076372315036,0.8561686277389526
long,786,10,1,0.1,0.19272076372315036,0.7213504314422607
long,787,18,1,0.05555555555555555,0.19272076372315036,0.6505343317985535
long,788,16,2,0.125,0.19272076372315036,0.8643873929977417
long,789,17,1,0.058823529411764705,0.19272076372315036,0.8378686904907227
long,790,6,1,0.16666666666666666,0.19272076372315036,0.7267869114875793
long,791,21,0,0.0,0.19272076372315036,0.7071942090988159
long,792,22,3,0.13636363636363635,0.19272076372315036,0.7524083256721497
long,793,25,1,0.04,0.19272076372315036,0.6089740991592407
long,794,18,1,0.05555555555555555,0.19272076372315036,0.6243718862533569
long,795,9,0,0.0,0.19272076372315036,0.5887230634689331
long,796,25,0,0.0,0.19272076372315036,0.6339224576950073
long,797,24,1,0.041666666666666664,0.19272076372315036,0.6627447605133057
long,798,13,0,0.0,0.19272076372315036,0.6661561727523804
long,799,5,0,0.0,0.19272076372315036,0.7442224025726318
long,800,15,1,0.06666666666666667,0.19272076372315036,0.7470443844795227
long,801,9,0,0.0,0.19272076372315036,0.6888046860694885
long,802,7,1,0.14285714285714285,0.19272076372315036,0.7421084642410278
long,803,17,0,0.0,0.19272076372315036,0.6593936681747437
long,804,23,1,0.043478260869565216,0.19272076372315036,0.9353459477424622
long,805,23,3,0.13043478260869565,0.19272076372315036,0.7486351728439331
long,806,6,0,0.0,0.19272076372315036,0.6293235421180725
long,807,23,0,0.0,0.19272076372315036,0.5868542790412903
long,808,22,1,0.045454545454545456,0.19272076372315036,0.6094292402267456
long,809,21,1,0.047619047619047616,0.19272076372315036,0.6435832977294922
long,810,18,0,0.0,0.19272076372315036,0.7116197347640991
long,811,13,0,0.0,0.19272076372315036,0.9149491786956787
long,812,18,1,0.05555555555555555,0.19272076372315036,0.7769826650619507
long,813,6,0,0.0,0.19272076372315036,0.6562606692314148
long,814,18,1,0.05555555555555555,0.19272076372315036,0.6715289950370789
long,815,14,0,0.0,0.19272076372315036,0.614432692527771
long,816,19,0,0.0,0.19272076372315036,0.5746122598648071
long,817,18,0,0.0,0.19272076372315036,0.6224209070205688
long,818,18,2,0.1111111111111111,0.19272076372315036,0.6671854257583618
long,819,6,1,0.16666666666666666,0.19272076372315036,0.7093795537948608
long,820,26,0,0.0,0.19272076372315036,0.8901613354682922
long,821,11,0,0.0,0.19272076372315036,0.6852868795394897
long,822,9,0,0.0,0.19272076372315036,0.7452206611633301
long,823,17,2,0.11764705882352941,0.19272076372315036,0.6856675148010254
long,824,27,1,0.037037037037037035,0.19272076372315036,0.6456437110900879
long,825,21,1,0.047619047619047616,0.19272076372315036,0.6020135879516602
long,826,13,1,0.07692307692307693,0.19272076372315036,0.9330214262008667
long,827,29,0,0.0,0.19272076372315036,0.7193400859832764
long,828,9,0,0.0,0.19272076372315036,0.6266117095947266
long,829,18,0,0.0,0.19272076372315036,0.7290933728218079
long,830,24,0,0.0,0.19272076372315036,0.6662429571151733
long,831,12,0,0.0,0.19272076372315036,0.5688443183898926
long,832,18,5,0.2777777777777778,0.19272076372315036,0.8607832789421082
long,833,6,1,0.16666666666666666,0.19272076372315036,0.8049564361572266
long,834,18,1,0.05555555555555555,0.19272076372315036,0.7216663360595703
long,835,11,0,0.0,0.19272076372315036,0.5928557515144348
long,836,22,3,0.13636363636363635,0.19272076372315036,0.8315194249153137
long,837,7,0,0.0,0.19272076372315036,0.6913491487503052
long,838,12,0,0.0,0.19272076372315036,0.6726927161216736
long,839,5,0,0.0,0.19272076372315036,0.7136452198028564
long,840,20,0,0.0,0.19272076372315036,0.661142110824585
long,841,23,0,0.0,0.19272076372315036,0.5338616371154785
long,842,8,1,0.125,0.19272076372315036,0.6531249284744263
long,843,6,0,0.0,0.19272076372315036,0.7983828783035278
long,844,12,2,0.16666666666666666,0.19272076372315036,0.7499397397041321
long,845,8,0,0.0,0.19272076372315036,0.49576717615127563
long,846,7,0,0.0,0.19272076372315036,0.829684853553772
long,847,9,3,0.3333333333333333,0.19272076372315036,0.6490350961685181
long,848,21,1,0.047619047619047616,0.19272076372315036,0.6810504794120789
long,849,9,1,0.1111111111111111,0.19272076372315036,0.6984827518463135
long,850,11,2,0.18181818181818182,0.19272076372315036,0.6590901613235474
long,851,27,0,0.0,0.19272076372315036,0.6802836656570435
long,852,24,1,0.041666666666666664,0.19272076372315036,0.864905059337616
long,853,17,0,0.0,0.19272076372315036,0.5613652467727661
long,854,25,2,0.08,0.19272076372315036,0.7132736444473267
long,855,18,0,0.0,0.19272076372315036,0.6098880767822266
long,856,5,0,0.0,0.19272076372315036,0.6458313465118408
long,857,24,3,0.125,0.19272076372315036,0.7810024619102478
long,858,23,0,0.0,0.19272076372315036,0.5546953678131104
long,859,21,1,0.047619047619047616,0.19272076372315036,0.6957409381866455
long,860,5,0,0.0,0.19272076372315036,0.575728178024292
long,861,17,0,0.0,0.19272076372315036,0.6322649121284485
long,862,26,0,0.0,0.19272076372315036,0.9324307441711426
long,863,14,1,0.07142857142857142,0.19272076372315036,0.6980813145637512
long,864,21,1,0.047619047619047616,0.19272076372315036,0.608357310295105
long,865,6,1,0.16666666666666666,0.19272076372315036,0.6231561899185181
long,866,17,1,0.058823529411764705,0.19272076372315036,0.6634789109230042
long,867,15,0,0.0,0.19272076372315036,0.6034585237503052
long,868,16,0,0.0,0.19272076372315036,0.699781060218811
long,869,11,0,0.0,0.19272076372315036,0.6464673280715942
long,870,22,1,0.045454545454545456,0.19272076372315036,0.7446341514587402
long,871,20,1,0.05,0.19272076372315036,0.7904674410820007
long,872,13,0,0.0,0.19272076372315036,0.7410993576049805
long,873,10,0,0.0,0.19272076372315036,0.6135351657867432
long,874,8,1,0.125,0.19272076372315036,0.6537255048751831
long,875,22,1,0.045454545454545456,0.19272076372315036,0.6512513160705566
long,876,9,2,0.2222222222222222,0.19272076372315036,0.7716993093490601
long,877,22,2,0.09090909090909091,0.19272076372315036,0.5636175274848938
long,878,11,1,0.09090909090909091,0.19272076372315036,0.8345363140106201
long,879,19,1,0.05263157894736842,0.19272076372315036,0.5717663764953613
long,880,25,0,0.0,0.19272076372315036,0.7314475774765015
long,881,15,0,0.0,0.19272076372315036,0.7691562175750732
long,882,14,0,0.0,0.19272076372315036,0.7806942462921143
long,883,14,1,0.07142857142857142,0.19272076372315036,0.6691110134124756
long,884,11,0,0.0,0.19272076372315036,0.7409616708755493
long,885,25,0,0.0,0.19272076372315036,0.7341976165771484
long,886,23,0,0.0,0.19272076372315036,0.7331924438476562
long,887,18,2,0.1111111111111111,0.19272076372315036,0.8604867458343506
long,888,12,0,0.0,0.19272076372315036,0.5846169590950012
long,889,22,1,0.045454545454545456,0.19272076372315036,0.862245500087738
long,890,6,2,0.3333333333333333,0.19272076372315036,0.8122158050537109
long,891,15,0,0.0,0.19272076372315036,0.8460026979446411
long,892,13,0,0.0,0.19272076372315036,0.6511289477348328
long,893,17,3,0.17647058823529413,0.19272076372315036,0.7509565353393555
long,894,14,0,0.0,0.19272076372315036,0.6697535514831543
long,895,15,2,0.13333333333333333,0.19272076372315036,0.7925750613212585
long,896,22,5,0.22727272727272727,0.19272076372315036,0.7501422166824341
long,897,22,1,0.045454545454545456,0.19272076372315036,0.6750850081443787
long,898,24,0,0.0,0.19272076372315036,0.7851055264472961
long,899,10,0,0.0,0.19272076372315036,0.7910269498825073
long,900,15,3,0.2,0.19272076372315036,0.5933706760406494
long,901,18,0,0.0,0.19272076372315036,0.6966050863265991
long,902,19,1,0.05263157894736842,0.19272076372315036,0.7401854395866394
long,903,27,0,0.0,0.19272076372315036,0.6127123832702637
long,904,14,0,0.0,0.19272076372315036,0.6859281063079834
long,905,10,1,0.1,0.19272076372315036,0.9533669352531433
long,906,13,0,0.0,0.19272076372315036,0.6155523657798767
long,907,17,0,0.0,0.19272076372315036,0.6577252745628357
